MS_system,Version Id,Microservice,Avg(Cognitive complexity),Cognitive complexity,Max(NBD),Max(SIX),Max(VG),Taylor_JC,Yin_JC,Liu_JC,Huang_JC,Taylor_CC,Yin_CC,Liu_CC,Huang_CC,Taylor_TAC,Taylor_FOM,Taylor_FOM_NORM
train-ticket-0.0.1,1,ts-admin-basic-info-service,10.0,70,2.0,2.0,8.0,6.1215791644320114e-18,0.009700139293102,2.007721167361185e-18,0.0,1.0151531482595029e-17,0.0175724339711189,3.0396759927603922e-18,0.0,0.0,4284604125830851.0,0.1015984591509261
train-ticket-0.0.1,1,ts-admin-order-service,12.285714285714286,86,3.0,1.6,18.0,8.44679666302346e-21,0.0083137762640698,4.366742471441417e-19,0.0,1.4007484008371454e-20,0.0150609470685552,6.611217968306547e-19,0.0,0.0,5690458042421017.0,0.1349346992146819
train-ticket-0.0.1,1,ts-admin-route-service,2.2857142857142856,16,2.0,1.5,2.0,6.923402241658826e-24,3.239838134819667e-19,3.588784738926206e-23,0.0,1.148120998438313e-23,5.869177748995544e-19,5.433395329709349e-23,0.0,0.0,1434580892151254.2,0.0340174270223074
train-ticket-0.0.1,1,ts-admin-travel-service,9.714285714285714,68,3.0,1.6,6.0,0.0506730849072172,0.0017814759765175,0.0331723530263006,9.664395788608057e-50,0.0840321431673514,0.0032272597354092,0.0502227135703047,0.0483175040618739,0.0,6061360926801134.0,0.1437297151463689
train-ticket-0.0.1,1,ts-admin-user-service,5.428571428571429,38,2.0,1.6,2.0,1.0073166214414811e-25,0.0,0.0,0.0,1.6704523654482955e-25,0.0,0.0,0.0,0.0,0.0,0.0
train-ticket-0.0.1,1,ts-assurance-service,5.666666666666667,34,3.0,2.0,3.0,1.0028381260530248e-25,6.653919743394298e-20,0.0,0.0,1.6630255911292232e-25,1.2054008896869068e-19,0.0,0.0,0.1179942466569038,1484680556943967.5,0.0352054127958894
train-ticket-0.0.1,1,ts-cancel-service,44.5,178,6.0,0.4,18.0,3.060269439326813e-18,0.0088872044480883,5.234897305675692e-19,0.0,5.074903178423907e-18,0.0160997495636915,7.9255983964858305e-19,0.0,5.551115123125783e-17,6889068379564874.0,0.1633566863574436
train-ticket-0.0.1,1,ts-config-service,3.3333333333333335,20,2.0,2.0,2.0,1.2078473689095605e-17,9.805756831202002e-20,0.0,0.0,2.0029963286103568e-17,1.7763767018859182e-19,0.0,0.0,0.100589751299936,1265685846676035.5,0.0300125117781995
train-ticket-0.0.1,1,ts-consign-price-service,2.3333333333333335,14,2.0,2.0,3.0,2.6210483321036487e-17,2.890084783284209e-17,0.0,0.0,4.346534439242552e-17,5.235576777883207e-17,0.0,0.0,0.0316712142079492,398507870354698.8,0.0094495977687794
train-ticket-0.0.1,1,ts-consign-service,2.0,10,2.0,2.0,3.0,3.640703151909336e-17,2.602567382436636e-19,1.0453683185356268e-22,0.0,6.037447474359302e-17,4.71472028404558e-19,1.5826804205194713e-22,0.0,0.1259577563185777,1704814421524927.2,0.0404253259527501
train-ticket-0.0.1,1,ts-contacts-service,8.0,48,3.0,2.0,8.0,3.0826021594277e-17,1.6952158402436534e-19,0.0,0.0,5.111937954109467e-17,3.0709938815682956e-19,0.0,0.0,0.1179942466569026,1484680556943952.2,0.035205412795889
train-ticket-0.0.1,1,ts-execute-service,22.0,88,4.0,0.666666667,18.0,2.7625661380583218e-17,0.0083137762640698,2.4232539987100853e-19,0.0,4.5812161159647586e-17,0.0150609470685552,3.6687898319670193e-19,0.0,1.3877787807814457e-17,5690458042421017.0,0.1349346992146819
train-ticket-0.0.1,1,ts-food-map-service,4.333333333333333,26,4.0,2.0,5.0,2.3461434559544266e-17,2.681914262734115e-20,0.0,0.0,3.890654439983136e-17,4.858462324516407e-20,0.0,0.0,0.0316712142079494,398507870354701.25,0.0094495977687795
train-ticket-0.0.1,1,ts-food-service,20.0,100,5.0,2.0,15.0,0.0253365424536086,0.0137783911940181,0.0189556302638701,0.0,0.0420160715836757,0.0249604528521881,0.0286986934129199,0.0,0.1259577563185777,3319006793125823.0,0.0787017811190785
train-ticket-0.0.1,1,ts-inside-payment-service,16.75,134,4.0,1.636363636,18.0,1.986071043218943e-18,0.0104038609433945,3.923748922699321e-20,0.0,3.2935394904393346e-18,0.0188472715646992,5.940528792464014e-20,0.0,0.047369830762487,5921655845173717.0,0.1404169654472009
train-ticket-0.0.1,1,ts-login-service,7.6,38,2.0,1.333333333,9.0,2.1955931328360023e-19,0.0,0.0,0.0,3.640993967775008e-19,0.0,0.0,0.0,6.776263578034403e-21,8.52633672240713e-05,2.0218032932751777e-21
train-ticket-0.0.1,1,ts-notification-service,1.6,8,2.0,2.0,1.0,1.9167726128770384e-19,8.556740876117971e-19,0.0,0.0,3.178620581704526e-19,1.5501093284349405e-18,0.0,0.0,0.1179942466569026,1484680556943952.2,0.035205412795889
train-ticket-0.0.1,1,ts-order-other-service,39.0,234,10.0,1.9,18.0,5.580102899748872e-20,0.0489324480868596,4.9467185068405835e-19,0.0,9.253591065529644e-20,0.0886443160319371,7.489297683676729e-19,0.0,0.3272512756040135,4281164759513301.5,0.101516903350657
train-ticket-0.0.1,1,ts-order-service,39.0,234,10.0,1.9,18.0,1.8294495704782895e-20,0.1019066187335522,1.0460977615863614e-19,0.0,3.033811115020266e-20,0.1846104756648987,1.5837847922646371e-19,0.0,0.3272512756040135,4281164759513301.5,0.101516903350657
train-ticket-0.0.1,1,ts-payment-service,4.333333333333333,52,3.0,2.0,7.0,4.897729352908294e-22,1.222870117254364e-21,0.0,0.0,8.121997998189986e-22,2.21530884674903e-21,0.0,0.0,0.0,0.0,0.0
train-ticket-0.0.1,1,ts-preserve-other-service,44.0,176,6.0,0.153846154,22.0,0.0790911236439367,0.0156592823457058,0.1162060525626359,2.8210907733029666e-49,0.1311583188093485,0.0283678096510123,0.1759351616800241,0.1410414762386438,0.2346340508106244,1.7319923694959504e+16,0.4106978167272975
train-ticket-0.0.1,1,ts-preserve-service,42.5,170,6.0,0.153846154,20.0,0.0790911236439367,0.0194386376812322,0.1162060525626357,2.9405436329723168e-49,0.1311583188093485,0.0352143579407016,0.1759351616800237,0.1470135661225035,0.2346340508106244,1.7319923694959508e+16,0.4106978167272976
train-ticket-0.0.1,1,ts-price-service,4.666666666666667,28,3.0,2.0,4.0,1.9337880724701578e-21,2.619687562023938e-23,0.0,0.0,3.2068376428762586e-21,4.7457346041786416e-23,0.0,0.0,0.0605001358501683,761252162153264.6,0.0180511534855241
train-ticket-0.0.1,1,ts-rebook-service,48.5,194,10.0,0.25,18.0,0.0735091545178986,0.0217716924103823,0.0997611284767325,3.950912283599523e-49,0.1219016329451698,0.0394408385035272,0.1510376600949869,0.1975273203690081,0.1764809981197901,1.4735223553781436e+16,0.3494082450425504
train-ticket-0.0.1,1,ts-register-service,4.5,18,2.0,2.0,3.0,8.290837732886553e-19,0.0005734281840185,1.4779907729570826e-20,0.0,1.374885433998856e-18,0.0010388024951362,2.2376678311280702e-20,0.0,0.0119108191581193,674634510011139.1,0.015997236779461
train-ticket-0.0.1,1,ts-route-plan-service,19.5,78,4.0,0.75,8.0,0.0506730849072172,0.0127585766579307,0.0426501682765138,9.664395788608057e-50,0.0840321431673514,0.023112992413045,0.0645720604558369,0.0483175040618739,0.0463680646153137,7228640044121747.0,0.1714087623199115
train-ticket-0.0.1,1,ts-route-service,4.666666666666667,28,3.0,2.0,6.0,1.4929665110742398e-23,7.863493748092124e-18,0.0,0.0,2.4758148400154585e-23,1.424523096992213e-17,0.0,0.0,0.1638188417722099,2061275495469674.0,0.0488778911831604
train-ticket-0.0.1,1,ts-seat-service,13.0,52,2.0,1.0,7.0,0.0506488260439436,0.0254526945529401,0.0473890757051346,2.537450875174123e-49,0.0839919142317061,0.0461092135797122,0.0717467336011249,0.1268607946629735,0.4000496886287178,1.2300218345648386e+16,0.2916683069046659
train-ticket-0.0.1,1,ts-security-service,6.333333333333333,38,2.0,1.428571429,18.0,8.452145825483948e-21,0.0104038609433945,8.656224013530265e-19,0.0,1.4016354626501932e-20,0.0188472715646992,1.31054634227256e-18,0.0,0.1645701789616708,6690444594819556.0,0.1586468298833787
train-ticket-0.0.1,1,ts-sso-service,15.666666666666666,94,3.0,2.0,8.0,2.9932507973968937e-25,0.0,0.0,0.0,4.9637648862941075e-25,0.0,0.0,0.0,0.0,0.0,0.0
train-ticket-0.0.1,1,ts-ticketinfo-service,2.0,8,3.0,2.0,6.0,5.273792789814205e-17,0.0011878763008686,7.866998482082487e-19,0.0,8.745631168105457e-17,0.0021519152696823,1.191058141429988e-18,0.0,0.2406115950787769,3029537946298546.0,0.0718377656940493
train-ticket-0.0.1,1,ts-train-service,2.3333333333333335,14,2.0,2.0,2.0,2.756284578462272e-28,2.0352771449156106e-18,0.0,0.0,4.570799285881175e-28,3.687037078672689e-18,0.0,0.0,0.1638188417722099,2061275495469674.0,0.0488778911831604
train-ticket-0.0.1,1,ts-travel-plan-service,10.0,40,3.0,0.615384615,6.0,0.1223671736690913,0.0136531727070417,0.1191462575813305,4.634288263419069e-49,0.2029238179513459,0.0247336114092079,0.1803866117889384,0.2316929551411677,0.1844077510079738,1.1973096104911654e+16,0.2839114372763883
train-ticket-0.0.1,1,ts-travel-service,22.666666666666668,136,6.0,1.294117647,6.0,0.0358150736187819,0.0239587397272689,0.0335091367856464,2.329690840293911e-50,0.0593928196673509,0.0434028171315076,0.0507326018579201,0.0116473754905089,0.3257572257390182,1.1618171311686682e+16,0.2754953010250314
train-ticket-0.0.1,1,ts-travel2-service,20.0,120,6.0,1.294117647,6.0,0.0358150736187819,0.0083630554865636,0.0335091367856463,1.417656379431393e-49,0.0593928196673509,0.0151502195890062,0.05073260185792,0.0708762548324642,0.3257572257390182,1.1618171311686682e+16,0.2754953010250314
train-ticket-0.0.2,2,ts-admin-basic-info-service,1.6,8,2.0,2.0,8.0,4.393630071974964e-18,0.0175992222129305,1.6712858227306813e-19,0.0,4.0497103131266535e-18,0.017648759886515,1.494855869443904e-19,0.0,0.0,0.128773021327401,0.1500694797275742
train-ticket-0.0.2,2,ts-admin-order-service,9.2,46,2.0,2.0,18.0,6.915406840420722e-21,0.0151492029814919,1.238300305807203e-19,0.0,6.3740902038504564e-21,0.0151918444268514,1.1075786410044655e-19,0.0,0.0,0.0771915738850092,0.0899575020673294
train-ticket-0.0.2,2,ts-admin-route-service,0.0,0,2.0,2.0,1.0,4.7797022069466484e-24,3.386952255664719e-20,3.792749915291095e-23,0.0,4.4055619166966496e-24,3.396485730113618e-20,3.392366760427783e-23,0.0,0.0,0.0334319997575189,0.0389609776810888
train-ticket-0.0.2,2,ts-admin-travel-service,7.6,38,3.0,2.0,6.0,0.0927165248610521,0.0032500589454041,0.0598511381900196,0.0019897315593087,0.0854589623559928,0.0032592070973633,0.0535329289576977,0.0857864376269045,0.0,0.1307383368540954,0.1523598187718194
train-ticket-0.0.2,2,ts-assurance-service,7.714285714285714,54,3.0,2.0,3.0,3.4601585487628004e-26,6.036192296478868e-19,0.0,0.0,3.189308050615944e-26,6.053182758901503e-19,0.0,0.0,-0.124957035256084,0.0129386916568545,0.0150784900849918
train-ticket-0.0.2,2,ts-cancel-service,33.6,168,6.0,0.4,18.0,6.793907330756064e-19,0.0161942453211543,4.324155853177339e-20,0.0,6.262101299625838e-19,0.016239828315048,3.867674618905682e-20,0.0,-2.775557561562891e-16,0.126459301911521,0.1473731178235237
train-ticket-0.0.2,2,ts-config-service,3.6666666666666665,22,2.0,2.0,3.0,4.56045586163376e-18,8.895423468887516e-19,0.0,0.0,4.20347749648286e-18,8.920461994957953e-19,0.0,0.0,-0.1033264052999852,0.0295003798747129,0.0343791472307558
train-ticket-0.0.2,2,ts-consign-price-service,2.0,14,2.0,2.0,3.0,6.24693640520393e-18,1.6891663894442746e-18,0.0,0.0,5.7579455646408e-18,1.6939209957682262e-18,0.0,0.0,-0.0341223446810362,0.0292514834337711,0.0340890883425418
train-ticket-0.0.2,2,ts-consign-service,4.333333333333333,26,2.0,2.0,3.0,1.4366957554369538e-17,3.839565495831073e-18,1.6669843798355272e-21,0.0,1.3242356598772553e-17,3.850372970157929e-18,1.4910085100805648e-21,0.0,-0.1336676991904744,0.346899662465479,0.4042698643492038
train-ticket-0.0.2,2,ts-contacts-service,6.571428571428571,46,2.0,2.0,8.0,1.0622655059025822e-17,1.0252251494966352e-18,0.0,0.0,9.791146509971588e-18,1.0281109172988681e-18,0.0,0.0,-0.1249570352560838,0.1024138673234813,0.1193510537199247
train-ticket-0.0.2,2,ts-execute-service,18.4,92,4.0,0.666666667,18.0,9.734446946179296e-18,0.0151492029814919,2.265965408585374e-20,0.0,8.97246457820384e-18,0.0151918444268514,2.0267578680505233e-20,0.0,0.0,0.1138375951820128,0.1326640355744122
train-ticket-0.0.2,2,ts-food-map-service,7.428571428571429,52,4.0,2.0,5.0,7.973181420100936e-18,4.86586879215509e-19,0.0,0.0,7.349065464425508e-18,4.879565069014064e-19,0.0,0.0,-0.0341223446810361,0.0906570745036891,0.1056499246826139
train-ticket-0.0.2,2,ts-food-service,16.666666666666668,100,5.0,2.0,15.0,0.0463582624305261,0.0250170377526817,0.0342006498063036,0.0009948657796543,0.0427294811779964,0.0250874548333486,0.0305902445927628,0.0428932188134522,-0.1336676991904744,0.075987509963529,0.0885543102776776
train-ticket-0.0.2,2,ts-inside-payment-service,17.5,140,4.0,1.636363636,18.0,8.313458167543523e-19,0.018960482733189,6.446009714386901e-21,0.0,7.66270640161438e-19,0.0190138520351546,5.7655341324560786e-21,0.0,-0.0340275474274378,0.0227617609361173,0.0265260967410393
train-ticket-0.0.2,2,ts-notification-service,1.6,8,2.0,2.0,1.0,6.312300426245193e-20,5.174907959117529e-18,0.0,0.0,5.818193092489509e-20,5.189474108587498e-18,0.0,0.0,-0.1249570352560838,0.2809386897837656,0.3274002782306777
train-ticket-0.0.2,2,ts-order-other-service,30.571428571428573,214,10.0,1.8,18.0,1.3703764122541324e-20,0.088975284210435,3.817257287407127e-20,0.0,1.2631075895464427e-20,0.0892257287205946,3.414287002048955e-20,0.0,-0.3069223037725779,0.0485706615361371,0.0566032685388364
train-ticket-0.0.2,2,ts-order-service,30.857142857142858,216,10.0,1.8,18.0,3.488235397140517e-21,0.1858807581246076,3.008028454785008e-21,0.0,3.2151871302318167e-21,0.18640396876484,2.6904847333311245e-21,0.0,-0.3261671339135572,0.1309293660264467,0.1525824403132885
train-ticket-0.0.2,2,ts-payment-service,2.0,14,2.0,2.0,3.0,1.8677851541084607e-21,2.218685967366601e-20,0.0,0.0,1.721580715123299e-21,2.2249310468313752e-20,0.0,0.0,0.0,0.0868534427448028,0.1012172490084129
train-ticket-0.0.2,2,ts-preserve-other-service,26.0,130,5.0,0.166666667,18.0,0.1447137011852083,0.028445045162963,0.2110496448875078,0.0031052947971465,0.1333859607067543,0.0285251112786886,0.1887701050970872,0.1338834764831845,-0.2422911483234111,0.0522653824861852,0.0609090217548194
train-ticket-0.0.2,2,ts-preserve-service,26.0,130,5.0,0.166666667,18.0,0.1447137011852083,0.0353571468060241,0.211049644887507,0.0031052947971465,0.1333859607067543,0.035456668863088,0.1887701050970865,0.1338834764831845,-0.2472039188085434,0.1222496343803324,0.1424672562562521
train-ticket-0.0.2,2,ts-price-service,4.0,28,3.0,2.0,4.0,1.3856009691687104e-21,2.376484612244661e-22,0.0,0.0,1.2771404152827333e-21,2.3831738578019743e-22,0.0,0.0,-0.0301220473019477,0.1397698948022592,0.1628850140995302
train-ticket-0.0.2,2,ts-rebook-service,40.8,204,10.0,0.285714286,18.0,0.1161313176238116,0.0338595200562969,0.1035336431202211,0.0024018184579825,0.1070409176361848,0.0339548266460986,0.092604072863073,0.1035533905932741,-0.1311247331625765,0.0838222802607254,0.0976847934345182
train-ticket-0.0.2,2,ts-route-plan-service,15.6,78,4.0,0.75,8.0,0.0927165248610521,0.023168252074686,0.0769514649792813,0.0019897315593087,0.0854589623559928,0.0232334652582525,0.0688280529410811,0.0857864376269045,-0.048013618953525,0.1007762766073943,0.1174426385547244
train-ticket-0.0.2,2,ts-route-service,5.714285714285714,40,3.0,2.0,6.0,6.104558039928331e-24,6.145037657055399e-19,0.0,0.0,5.6267121369791224e-24,6.162334493582422e-19,0.0,0.0,-0.1687572977874025,0.1255256831784609,0.1462850973974281
train-ticket-0.0.2,2,ts-seat-service,13.2,66,3.0,1.0,8.0,0.0926378467333005,0.0464390307036718,0.0855016252406739,0.0019897315593088,0.085386442908485,0.0465697456589549,0.0764756121302962,0.0857864376269061,-0.4047612492979449,0.0534300449628558,0.0622662958960217
train-ticket-0.0.2,2,ts-security-service,6.0,42,2.0,1.428571429,18.0,6.916958162161678e-21,0.018960482733189,9.772054251935674e-20,0.0,6.375520092928602e-21,0.0190138520351546,8.740463454158237e-20,0.0,-0.1616134349396318,0.029810254707851,0.0347402691063656
train-ticket-0.0.2,2,ts-ticketinfo-service,1.6,8,3.0,2.0,6.0,2.1907170112056912e-16,0.0021548050055152,1.549814748355775e-19,0.0,2.019234466281265e-16,0.0021608702750885,1.3862079373982037e-19,0.0,-0.2359946126442831,0.1086983621492308,0.1266748771351806
train-ticket-0.0.2,2,ts-train-service,4.857142857142857,34,2.0,2.0,3.0,1.1692193826053927e-28,2.671225713321644e-18,0.0,0.0,1.0776965093732223e-28,2.678744585795445e-18,0.0,0.0,-0.1687572977874025,0.0834569593268101,0.0972590557922611
train-ticket-0.0.2,2,ts-travel-plan-service,7.6,38,3.0,0.666666667,6.0,0.2239181501960871,0.0248045823588385,0.2149693561000243,0.004803636915965,0.2063905306751788,0.0248744014275124,0.1922760304348501,0.2071067811865471,-0.1880840849395827,0.1432995291344072,0.1669983787033421
train-ticket-0.0.2,2,ts-travel-service,18.285714285714285,128,6.0,1.294117647,6.0,0.0655092521743297,0.0437346620873092,0.0604587790216757,0.0014069526783281,0.06038139073833,0.0438577648806372,0.0540764239430323,0.060660171779821,-0.3329934560051735,0.0681481707343712,0.0794185025797546
train-ticket-0.0.2,2,ts-travel2-service,18.571428571428573,130,6.0,1.294117647,6.0,0.0655092521743297,0.0152320267992775,0.0604587790216757,0.0014069526783281,0.06038139073833,0.0152749013742152,0.0540764239430323,0.060660171779821,-0.3280806855200411,0.1809726255651281,0.2109018448393969
train-ticket-0.0.2,2,ts-verification-code-service,13.25,53,3.0,1.333333333,7.0,3.3403788449847204e-32,8.632984730148837e-18,0.0,0.0,3.078904331197822e-32,8.657284552859642e-18,0.0,0.0,0.0,0.0436998918313524,0.050926971843029
train-ticket-0.0.3,3,ts-admin-basic-info-service,2.0,10,2.0,2.0,8.0,2.064579909553598e-18,0.022230600373736,5.1912309607174685e-21,0.0,1.4871114281994665e-18,0.017560791504417,3.711305001446103e-21,0.0,0.0,0.1634989233143879,0.1523229003321939
train-ticket-0.0.3,3,ts-admin-order-service,9.6,48,2.0,2.0,18.0,3.7662301734034184e-21,0.0193061799202491,1.8610149921083264e-18,0.0,2.7128055960347313e-21,0.015250681251362,1.3304733116754333e-18,0.0,0.0,0.0664178603838041,0.0618778455688428
train-ticket-0.0.3,3,ts-admin-route-service,0.0,0,2.0,2.0,1.0,2.473921001624356e-24,1.0165038072668051e-20,6.5099811745533955e-22,0.0,1.781958730177569e-24,8.0297477903241e-21,4.654103405389772e-22,0.0,0.0,0.1324011768533014,0.1233508506163712
train-ticket-0.0.3,3,ts-admin-travel-service,7.6,38,3.0,2.0,6.0,0.1190134563785623,0.0041500476857474,0.07481392554004,0.0174438154049955,0.0857250766953101,0.0032782795299086,0.053485829880355,0.0843997242481489,0.0,0.0519024978547111,0.0483546854465392
train-ticket-0.0.3,3,ts-assurance-service,7.714285714285714,54,3.0,2.0,3.0,1.1938591746825543e-26,5.990940488198181e-19,0.0,0.0,8.59933594294776e-27,4.732470336379765e-19,0.0,0.0,-0.1273220232970203,0.1714982228235599,0.1597754050775615
train-ticket-0.0.3,3,ts-cancel-service,33.2,166,6.0,0.4,18.0,1.1167859074444877e-19,0.0206383916120791,7.167834271844864e-21,0.0,8.044179245025698e-20,0.0163030456214945,5.124414495123527e-21,0.0,0.0,0.151151186104483,0.1408191967834197
train-ticket-0.0.3,3,ts-config-service,3.6666666666666665,22,2.0,2.0,3.0,1.573494969787738e-18,9.895624504251074e-18,0.0,0.0,1.1333842497245185e-18,7.81692782937419e-18,0.0,0.0,-0.1042489618581096,0.145282600319954,0.1353517601212906
train-ticket-0.0.3,3,ts-consign-price-service,2.0,14,3.0,2.0,3.0,2.1553816785874658e-18,2.599246084112779e-17,0.0,0.0,1.5525157013913868e-18,2.0532427277899018e-17,0.0,0.0,-0.0349815359264714,0.1152991614669709,0.1074178491484501
train-ticket-0.0.3,3,ts-consign-service,3.6666666666666665,22,2.0,2.0,3.0,5.801049925613053e-18,1.3631187651454625e-17,2.6477834886513322e-20,0.0,4.178480861900917e-18,1.0767790355656965e-17,1.8929483543571656e-20,0.0,-0.1363000662946626,0.1395345424281533,0.1299966126279162
train-ticket-0.0.3,3,ts-contacts-service,6.0,42,2.0,2.0,8.0,3.665136733760518e-18,4.273123808061565e-18,0.0,0.0,2.639988259823485e-18,3.375502010939113e-18,0.0,0.0,-0.1273220232970203,0.1808498874416684,0.1684878335675348
train-ticket-0.0.3,3,ts-execute-service,18.8,94,4.0,0.666666667,18.0,3.357297910433125e-18,0.0193061799202491,1.311374644498552e-20,0.0,2.4182527725724117e-18,0.015250681251362,9.375254758891395e-21,0.0,-8.673617379884035e-19,0.0875766581396513,0.0815903267055875
train-ticket-0.0.3,3,ts-food-map-service,7.428571428571429,52,4.0,2.0,5.0,2.750988330635744e-18,1.7640228789617233e-17,0.0,0.0,1.9815295917591026e-18,1.3934683483882128e-17,0.0,0.0,-0.0349815359264715,0.0223566462100262,0.020828450263637
train-ticket-0.0.3,3,ts-food-service,16.666666666666668,100,5.0,2.0,15.0,0.0595067281892811,0.0316459836203252,0.0427508052548241,0.0087219077024977,0.042862538347655,0.0249983586122705,0.0305633246832363,0.0421998621240744,-0.1363000662946626,0.0655623267615949,0.0610807922303567
train-ticket-0.0.3,3,ts-inside-payment-service,16.444444444444443,148,4.0,1.636363636,18.0,2.8796726016681073e-19,0.0241706731117289,1.007207443380176e-21,0.0,2.074220530577316e-19,0.0190933282907626,7.200708368394307e-22,0.0,-0.0282594364118756,0.0516401460178581,0.04811026675627
train-ticket-0.0.3,3,ts-notification-service,1.6,8,2.0,2.0,1.0,2.1779342394353436e-20,5.3184463819440245e-17,0.0,0.0,1.568760251101886e-20,4.201241823009041e-17,0.0,0.0,-0.1273220232970203,0.0511864881890651,0.0476876188584164
train-ticket-0.0.3,3,ts-order-other-service,30.857142857142858,216,10.0,1.8,18.0,4.728210908080627e-21,0.1129419252882825,2.404584681920361e-21,0.0,3.405717765540204e-21,0.0892170957487127,1.719081124292404e-21,0.0,-0.2997478368571217,0.0355831130176048,0.0331508175577865
train-ticket-0.0.3,3,ts-order-service,31.142857142857142,218,10.0,1.8,18.0,1.2035480181249301e-21,0.237335261701085,1.8951010773603925e-22,0.0,8.669124425062304e-22,0.1874800939835607,1.3548420711532868e-22,0.0,-0.324057729264524,0.0586037145179782,0.0545978382282887
train-ticket-0.0.3,3,ts-payment-service,2.0,14,2.0,2.0,3.0,6.4444227371186745e-22,1.0078233181990365e-19,0.0,0.0,4.641900590125289e-22,7.961177326138367e-20,0.0,0.0,-3.3087224502121114e-24,0.0630945407227934,0.0587816925224844
train-ticket-0.0.3,3,ts-preserve-other-service,25.6,128,4.0,0.166666667,18.0,0.1857496233199735,0.0360213808538103,0.2646196760711155,0.0272238679464558,0.1337949605847927,0.0284546502676686,0.1891813973824903,0.1317192881432855,-0.2449255657737625,0.05835401728838,0.0543652091354097
train-ticket-0.0.3,3,ts-preserve-service,25.6,128,4.0,0.166666667,18.0,0.1857496233199735,0.0448896305103456,0.264619676071116,0.0272238679464558,0.1337949605847927,0.0354600158722577,0.1891813973824906,0.1317192881432855,-0.2511647217605232,0.0430107221223246,0.040070709985391
train-ticket-0.0.3,3,ts-price-service,4.0,28,3.0,2.0,4.0,4.7807417093143885e-22,1.1397739651195669e-21,0.0,0.0,3.443555562220153e-22,9.003505360689316e-22,0.0,0.0,-0.0151321026856846,0.0178932312274178,0.0166701334884877
train-ticket-0.0.3,3,ts-rebook-service,37.2,186,9.0,0.285714286,18.0,0.1449893684632324,0.0429954728002868,0.1290323999461639,0.0243974867128545,0.1044354572140132,0.0339637491019673,0.092247598862873,0.1180441952121954,-0.1096551595747975,0.090341411370731,0.0841660943150848
train-ticket-0.0.3,3,ts-route-plan-service,16.4,82,4.0,0.75,9.0,0.1190134563785623,0.0293151330373657,0.096189358125801,0.0174438154049955,0.0857250766953101,0.0231571316356181,0.0687675136397393,0.0843997242481489,-0.0487068760483174,0.1612215272888,0.1502011764652084
train-ticket-0.0.3,3,ts-route-service,5.714285714285714,40,3.0,2.0,6.0,2.1062568436225132e-24,1.8450367305803068e-19,0.0,0.0,1.5171312131733496e-24,1.4574642519322538e-19,0.0,0.0,-0.1706269911582708,0.0127620138047604,0.0118896621299617
train-ticket-0.0.3,3,ts-seat-service,13.2,66,3.0,1.0,8.0,0.1187825405571561,0.0593361431105545,0.1068770246513497,0.0174438154049955,0.0855587486421424,0.0468718622224769,0.0764083199398649,0.0843997242481489,-0.4061897236952789,0.1603029253466522,0.1493453658626536
train-ticket-0.0.3,3,ts-security-service,6.285714285714286,44,2.0,1.428571429,18.0,3.7667654262544486e-21,0.024170673111729,9.106764842766674e-22,0.0,2.7131911372424418e-21,0.0190933282907626,6.510591064760166e-22,0.0,-0.1601002656538848,0.0403532341626708,0.0375948754942123
train-ticket-0.0.3,3,ts-ticketinfo-service,1.6,8,3.0,2.0,6.0,1.0903008658614156e-16,0.0027202264292214,8.395468042314593e-21,0.0,7.853408193577075e-17,0.0021488096751898,6.002072104034603e-21,0.0,-0.2358394558285437,0.1360586253733344,0.1267582930330767
train-ticket-0.0.3,3,ts-train-service,4.571428571428571,32,2.0,2.0,3.0,4.034159901832322e-29,2.035379015903213e-18,0.0,0.0,2.9057946681734556e-29,1.6078228176405745e-18,0.0,0.0,-0.1706269911582708,0.5560320396116244,0.5180242856303546
train-ticket-0.0.3,3,ts-travel-plan-service,7.6,38,3.0,0.666666667,6.0,0.2874877471479808,0.0314167586994588,0.2687118063351869,0.0421130957302729,0.2070766611031879,0.0248172851830658,0.1921069353966029,0.2037589589404303,-0.1897787006364042,0.2482732059407665,0.2313024088296345
train-ticket-0.0.3,3,ts-travel-service,16.285714285714285,114,5.0,1.294117647,6.0,0.0840114994919661,0.0559005574302257,0.075573469230378,0.0123346401626387,0.0605132600663975,0.0441579632357859,0.0540288414161737,0.0596796173461408,-0.3355302282206044,0.2025281729406464,0.1886842926909026
train-ticket-0.0.3,3,ts-travel2-service,17.428571428571427,122,5.0,1.294117647,6.0,0.084011499491966,0.0193948679330628,0.075573469230378,0.0123346401626387,0.0605132600663975,0.0153207392649009,0.0540288414161737,0.0596796173461408,-0.3292910722338438,0.0907499403597365,0.0845466981699214
train-ticket-0.0.3,3,ts-verification-code-service,9.833333333333334,59,3.0,1.333333333,7.0,1.1525315602738575e-32,7.976059032146526e-19,0.0,0.0,8.301654233448407e-33,6.300590507484724e-19,0.0,0.0,0.0,0.1805641869880374,0.1682216622629103
train-ticket-0.0.4,4,ts-admin-basic-info-service,2.0,10,2.0,2.0,8.0,6.339068870889167e-19,0.0227343507474553,3.265213997352117e-22,0.0,4.3450948826742175e-19,0.0173907105527825,2.3244718430282625e-22,0.0,0.0,0.1587684744652391,0.1735806616587329
train-ticket-0.0.4,4,ts-admin-order-service,9.6,48,2.0,2.0,18.0,1.774844686045298e-21,0.0200902305580874,1.301291077970892e-17,0.0,1.2165617253808481e-21,0.0153680827948636,9.263755676596289e-18,0.0,0.0,0.1020742263746091,0.1115971656973195
train-ticket-0.0.4,4,ts-admin-travel-service,7.6,38,3.0,2.0,6.0,0.1252536622139279,0.0043282760340869,0.0751318183619252,0.0261647935825949,0.0858547300568457,0.003310927879028,0.0534855591209129,0.0856265866579707,0.0,0.0991084927482576,0.1083547461496129
train-ticket-0.0.4,4,ts-assurance-service,7.714285714285714,54,3.0,2.0,3.0,4.1185324354734634e-27,5.230395785145692e-19,0.0,0.0,2.8230351450643527e-27,4.0010071185403722e-19,0.0,0.0,-0.1281259320636993,0.4349064490501408,0.4754807239915982
train-ticket-0.0.4,4,ts-cancel-service,33.2,166,6.0,0.4,18.0,3.915256706844953e-21,0.021477434814165,4.411667116570215e-20,0.0,2.6837004342061438e-21,0.0164292288976497,3.1406198802274964e-20,0.0,1.6653345369377348e-16,0.1435207951157383,0.1569104613613431
train-ticket-0.0.4,4,ts-config-service,3.6666666666666665,22,2.0,2.0,3.0,5.428186345218024e-19,9.08126740034846e-19,0.0,0.0,3.720733311342071e-19,6.946743039475496e-19,0.0,0.0,-0.1045819926371408,0.1538550469043257,0.168208839513888
train-ticket-0.0.4,4,ts-consign-price-service,2.0,14,3.0,2.0,3.0,7.435558181682628e-19,1.6174019218824545e-18,0.0,0.0,5.096680042935673e-19,1.2372365053847113e-18,0.0,0.0,-0.035281266889063,0.0867573584479035,0.0948513219256765
train-ticket-0.0.4,4,ts-consign-service,3.6666666666666665,22,2.0,2.0,3.0,2.2920521090755946e-18,3.902166666020697e-18,4.2055871717719704e-19,0.0,1.5710799318970098e-18,2.9849742256254273e-18,2.9939137135000467e-19,0.0,-0.137198671471089,0.0570035677966288,0.062321673420208
train-ticket-0.0.4,4,ts-contacts-service,6.0,42,2.0,2.0,8.0,1.2643856862306813e-18,1.060873968836331e-18,0.0,0.0,8.666692043995488e-19,8.115187598695469e-19,0.0,0.0,-0.128125932063699,0.0435931940361267,0.0476601887754808
train-ticket-0.0.4,4,ts-execute-service,18.8,94,4.0,0.666666667,18.0,1.1577129721643365e-18,0.0200902305580874,1.7923420820236321e-19,0.0,7.935507269936348e-19,0.0153680827948636,1.2759496639782726e-19,0.0,-1.734723475976807e-18,0.058303532758488,0.0637429176500383
train-ticket-0.0.4,4,ts-food-map-service,7.428571428571429,52,4.0,2.0,5.0,9.490260584834017e-19,4.860774700848817e-19,0.0,0.0,6.505069363069249e-19,3.718264349124269e-19,0.0,0.0,-0.0352812668890629,0.0303162989644241,0.0331446356149302
train-ticket-0.0.4,4,ts-food-service,16.666666666666668,100,5.0,2.0,15.0,0.062626831106964,0.0324455920326388,0.0429323192923878,0.0130823967912974,0.0429273650284228,0.0248193540260412,0.0305630710366861,0.0428132933289853,-0.137198671471089,0.243045160555202,0.2657198787367677
train-ticket-0.0.4,4,ts-inside-payment-service,17.75,142,4.0,1.636363636,18.0,9.973053875708333e-20,0.0251684179162187,1.783350753469622e-22,0.0,6.835998510597692e-20,0.0192526576155431,1.2695488308101677e-22,0.0,-0.0257999953982896,0.0719749333899537,0.0786897814742606
train-ticket-0.0.4,4,ts-notification-service,1.6,8,2.0,2.0,1.0,7.51335919483786e-21,5.1739870881308306e-18,0.0,0.0,5.1500085034734824e-21,3.95785711468311e-18,0.0,0.0,-0.128125932063699,0.0651241671600321,0.0711998780846588
train-ticket-0.0.4,4,ts-order-other-service,30.857142857142858,216,10.0,1.8,18.0,1.6311206798045308e-21,0.1167496951122481,1.5106430563492934e-22,0.0,1.118046555920858e-21,0.0893080333534475,1.07541106102009e-22,0.0,-0.2971945017321646,0.1275148970926371,0.1394113049409645
train-ticket-0.0.4,4,ts-order-service,31.142857142857142,218,10.0,1.8,18.0,4.151961769120746e-22,0.2477527323448708,1.253136453407916e-23,0.0,2.845949177001924e-22,0.1895192039892722,8.920947918822966e-24,0.0,-0.3227855370095946,0.1101941887250423,0.1204746739191472
train-ticket-0.0.4,4,ts-payment-service,2.0,14,2.0,2.0,3.0,2.2231737740578404e-22,2.218619329376205e-20,0.0,0.0,1.5238674931132711e-22,1.6971395846133284e-20,0.0,0.0,1.6543612251060552e-24,0.0609223850435564,0.0666060938187316
train-ticket-0.0.4,4,ts-preserve-other-service,25.6,128,4.0,0.166666667,18.0,0.195422356597636,0.0370284989027378,0.2657566386744148,0.0408343512471961,0.1339516416223159,0.0283250625353185,0.1891893836659601,0.1336340034425484,-0.2458319725371615,0.0681191579296195,0.0744742842991029
train-ticket-0.0.4,4,ts-preserve-service,25.6,128,4.0,0.166666667,18.0,0.195422356597636,0.0463565302319492,0.2657566386744161,0.0408343512471961,0.1339516416223159,0.035460568390561,0.189189383665961,0.1336340034425484,-0.2524128244937397,0.0884940409868413,0.0967500269753745
train-ticket-0.0.4,4,ts-price-service,4.0,28,3.0,2.0,4.0,1.649243077657597e-22,2.377864089411262e-22,0.0,0.0,1.130468496710105e-22,1.8189543467580952e-22,0.0,0.0,-0.0083971975053866,0.0218660363562232,0.0239060120175062
train-ticket-0.0.4,4,ts-rebook-service,37.2,186,9.0,0.285714286,18.0,0.1513148149994521,0.0444152361629267,0.129561513543192,0.0321530838421326,0.103718265524175,0.0339755696049245,0.0922334923271486,0.1052237928511999,-0.1002020317975677,0.2625742681567795,0.2870709399628966
train-ticket-0.0.4,4,ts-route-plan-service,16.4,82,4.0,0.75,9.0,0.1252536622139279,0.0300728938983261,0.0965984538493182,0.0261647935825949,0.0858547300568457,0.023004351392303,0.0687674333856505,0.0856265866579707,-0.0489996934658836,0.0816078870539707,0.0892214344132959
train-ticket-0.0.4,4,ts-route-service,5.714285714285714,40,3.0,2.0,6.0,7.266089093132673e-25,5.567438810992254e-20,0.0,0.0,4.980517987525383e-25,4.258829203342492e-20,0.0,0.0,-0.1713650677789812,0.0898831306120128,0.0982687106879483
train-ticket-0.0.4,4,ts-seat-service,13.2,66,3.0,1.0,8.0,0.1245834171835079,0.0620574535332313,0.1073309811173106,0.0261647935825949,0.0853953127021629,0.0474710372874833,0.076407807786597,0.0856265866579708,-0.4066892069021093,0.0734389864412424,0.0802904222702507
train-ticket-0.0.4,4,ts-security-service,6.285714285714286,44,2.0,1.428571429,18.0,1.775029335648443e-21,0.0251684179162187,9.023506330689412e-20,0.0,1.2166882928723921e-21,0.0192526576155431,6.423740192245937e-20,0.0,-0.1594307071504646,0.1550401115212227,0.1695044638562027
train-ticket-0.0.4,4,ts-ticketinfo-service,1.6,8,3.0,2.0,6.0,3.763745611840904e-17,0.0027758255872783,1.4046881762585907e-20,0.0,2.5798476291682145e-17,0.0021233762014852,9.999828852245681e-21,0.0,-0.2362885845179891,0.0726366887176681,0.0794132747749788
train-ticket-0.0.4,4,ts-train-service,4.571428571428571,32,2.0,2.0,3.0,1.391689971306768e-29,4.729612356942567e-19,0.0,0.0,9.539295274679452e-30,3.6179313163653066e-19,0.0,0.0,-0.1713650677789812,0.082480448467069,0.0901754007969475
train-ticket-0.0.4,4,ts-travel-plan-service,7.6,38,3.0,0.666666667,6.0,0.3026642381577848,0.0322935573699495,0.2698549041005859,0.0631673995237931,0.2074602531023479,0.0247030546497278,0.1921068961463415,0.206720866809388,-0.1905456759007055,0.4041605825577292,0.4418664446644239
train-ticket-0.0.4,4,ts-travel-service,16.285714285714285,114,5.0,1.294117647,6.0,0.0881804750374874,0.0583835002646432,0.0758944749895951,0.0185013029705991,0.060443030142284,0.0446606355923473,0.0540284864323709,0.0605471400757087,-0.3364850885984856,0.1094507322345302,0.1196618572061805
train-ticket-0.0.4,4,ts-travel2-service,17.428571428571427,122,5.0,1.294117647,6.0,0.0881804750374874,0.0201455697013589,0.0758944749895951,0.0185013029705991,0.060443030142284,0.0154104146403412,0.0540284864323709,0.0605471400757087,-0.3299042366419073,0.0592097749243207,0.0647337070072966
train-ticket-0.0.4,4,ts-verification-code-service,10.6,53,3.0,1.333333333,7.0,3.975961917917879e-33,5.191562326619164e-20,0.0,0.0,2.725310630807089e-33,3.9713013466667723e-20,0.0,0.0,0.0,0.2383153277766655,0.2605487797134961
train-ticket-0.1.0,5,ts-admin-basic-info-service,2.0,10,2.0,2.0,8.0,3.8814268212699e-19,0.0190169403657763,2.0625866146861306e-23,0.0,3.0155669969010247e-19,0.0170328572483018,1.817519300362364e-23,0.0,0.0,0.1888003147141273,0.1526562196314191
train-ticket-0.1.0,5,ts-admin-order-service,9.6,48,2.0,2.0,18.0,7.741520134891346e-22,0.0174477805250628,1.5832994819734258e-19,0.0,6.014559516282523e-22,0.0156274116270525,1.3951789206090325e-19,0.0,0.0,0.2114605796693213,0.1709783839198848
train-ticket-0.1.0,5,ts-admin-travel-service,7.6,38,3.0,2.0,6.0,0.1108574736602268,0.0037566579835687,0.0607441911389586,0.0313981240961051,0.0861276417985464,0.0033647168226899,0.0535268380943886,0.0929474361258765,0.0,0.1498718306383964,0.1211802381216367
train-ticket-0.1.0,5,ts-assurance-service,7.714285714285714,54,3.0,2.0,3.0,1.4189352507831754e-27,5.837466596572244e-20,0.0,0.0,1.1024024179853739e-27,5.228429669479415e-20,0.0,0.0,-0.1284613938344723,0.2118684632092277,0.1713081818831258
train-ticket-0.1.0,5,ts-cancel-service,33.2,166,6.0,0.4,18.0,1.5917016508324465e-20,0.0186546625122985,2.2753046087944467e-20,0.0,1.2366284843656561e-20,0.0167083767144293,2.0049630940306675e-20,0.0,5.551115123125783e-17,0.2017328999944624,0.163112979631773
train-ticket-0.1.0,5,ts-config-service,3.6666666666666665,22,2.0,2.0,3.0,1.8701430846360048e-19,1.7578977663807457e-18,0.0,0.0,1.4529558394884038e-19,1.5744920652828502e-18,0.0,0.0,-0.1047287151359815,0.2056587091436468,0.1662872284915609
train-ticket-0.1.0,5,ts-consign-price-service,2.0,14,3.0,2.0,3.0,2.561731825240765e-19,8.942494799648483e-20,0.0,0.0,1.990266544450691e-19,8.009502813618174e-20,0.0,0.0,-0.0354086021168545,0.0473171131696601,0.0382586842150632
train-ticket-0.1.0,5,ts-consign-service,3.6666666666666665,22,2.0,2.0,3.0,8.89146061401113e-19,4.405229394303165e-19,9.52402156995061e-18,0.0,6.907973901485239e-19,3.9456212185543177e-19,8.39241993388327e-18,0.0,-0.1375747595967983,0.1222696264849827,0.0988622237373127
train-ticket-0.1.0,5,ts-contacts-service,6.0,42,2.0,2.0,8.0,4.356118226302474e-19,1.804895938902561e-19,0.0,0.0,3.384365328196233e-19,1.6165868054512417e-19,0.0,0.0,-0.1284613938344721,0.3029660697120891,0.2449659840284992
train-ticket-0.1.0,5,ts-execute-service,18.8,94,4.0,0.666666667,18.0,3.9869778658579947e-19,0.0174477805250628,2.1532477923399957e-17,0.0,3.0975719556971164e-19,0.0156274116270525,1.897408522471253e-17,0.0,8.673617379884035e-19,0.1982007687271726,0.1602570426206359
train-ticket-0.1.0,5,ts-food-map-service,7.428571428571429,52,4.0,2.0,5.0,3.2696271047798863e-19,2.687270133064723e-20,0.0,0.0,2.540246162910115e-19,2.4069007781340902e-20,0.0,0.0,-0.0354086021168545,0.063121923820349,0.0510378082836738
train-ticket-0.1.0,5,ts-food-service,16.666666666666668,100,5.0,2.0,15.0,0.0554287368301134,0.02725909051815,0.0347086101703108,0.0156990620480525,0.0430638208992732,0.0244150840557802,0.0305846883830829,0.0464737180629382,-0.1375747595967983,0.3903461136976341,0.3156179170311421
train-ticket-0.1.0,5,ts-inside-payment-service,17.75,142,4.0,1.636363636,18.0,3.4492543553709164e-20,0.0218967827536742,1.2027251766460624e-22,0.0,2.6798025769736326e-20,0.0196122387548532,1.0598227516950108e-22,0.0,-0.0246121438921884,0.0949549378245106,0.0767766826319893
train-ticket-0.1.0,5,ts-notification-service,1.6,8,2.0,2.0,1.0,2.5885361789376666e-21,8.581366711098331e-19,0.0,0.0,2.0110914441856785e-21,7.686052086933638e-19,0.0,0.0,-0.1284613938344721,0.0203568350165271,0.0164597049638868
train-ticket-0.1.0,5,ts-order-other-service,30.857142857142858,216,10.0,1.8,18.0,5.6196083125116895e-22,0.1002762676295487,9.044274475480724e-24,0.0,4.365998933654127e-22,0.0898142034982867,7.96967424297105e-24,0.0,-0.2960912582554325,0.0763053468617218,0.0616973854477532
train-ticket-0.1.0,5,ts-order-service,31.142857142857142,218,10.0,1.8,18.0,1.4304542225262811e-22,0.216283481982897,8.592848674531641e-25,0.0,1.1113517638383971e-22,0.1937181062212354,7.57188483618226e-25,0.0,-0.3220859438432756,0.2047140221178389,0.165523393164734
train-ticket-0.1.0,5,ts-payment-service,2.0,14,2.0,2.0,3.0,7.659377912037007e-23,1.22657090385786e-21,0.0,0.0,5.950741392768196e-23,1.0985998119828817e-21,0.0,0.0,0.0,0.0875511303019388,0.0707902664070702
train-ticket-0.1.0,5,ts-preserve-other-service,25.6,128,4.0,0.166666667,18.0,0.1726677986287373,0.0313411647648354,0.2144199804619682,0.0490018017453916,0.1341494607392896,0.0280712656803432,0.1889435576174588,0.1450593616307044,-0.2462134234933336,0.0669235584338453,0.0541116546879821
train-ticket-0.1.0,5,ts-preserve-service,25.6,128,4.0,0.166666667,18.0,0.1726677986287373,0.0395748308567603,0.2144199804619676,0.0490018017453916,0.1341494607392896,0.0354458935898005,0.1889435576174583,0.1450593616307045,-0.2529038620725489,0.0676735034683636,0.0547180295982902
train-ticket-0.1.0,5,ts-price-service,4.0,28,3.0,2.0,4.0,5.682046157612636e-23,2.65385312374641e-23,0.0,0.0,4.414508286970346e-23,2.3769702457542172e-23,0.0,0.0,-0.0050753096371953,0.1938433656447867,0.1567338245424537
train-ticket-0.1.0,5,ts-rebook-service,37.2,186,9.0,0.285714286,18.0,0.1330020649469509,0.0379456103733449,0.1047505826429777,0.0097026982852653,0.1033322682720294,0.0339866535971273,0.0923045870278696,0.0287227646581033,-0.0955827663785074,0.2020254914073082,0.1633495570921935
train-ticket-0.1.0,5,ts-route-plan-service,16.4,82,4.0,0.75,9.0,0.1108574736602268,0.0253009485546054,0.0781060542118711,0.0313981240961051,0.0861276417985464,0.0226612397519411,0.0688258422673935,0.0929474361258765,-0.0491404251411152,0.1274657677637243,0.1030636112481573
train-ticket-0.1.0,5,ts-route-service,5.714285714285714,40,3.0,2.0,6.0,2.503345575422634e-25,1.6716156294819024e-20,0.0,0.0,1.9449049658014328e-25,1.497211951205128e-20,0.0,0.0,-0.1717076542718216,0.1348272948053074,0.1090158412038336
train-ticket-0.1.0,5,ts-seat-service,13.2,66,3.0,1.0,8.0,0.1089146015537446,0.0544794374463541,0.0867744302871664,0.0313981240961051,0.0846181811611846,0.0487954667335184,0.0764642806764618,0.0929474361258765,-0.4069075576653643,0.1516512477268996,0.1226190020680303
train-ticket-0.1.0,5,ts-security-service,6.285714285714286,44,2.0,1.428571429,18.0,7.742156297978683e-22,0.0218967827536742,1.4413729610227865e-18,0.0,6.0150537655622795e-22,0.0196122387548532,1.2701154739521153e-18,0.0,-0.1591046980636218,0.040600642549311,0.0328280205230007
train-ticket-0.1.0,5,ts-ticketinfo-service,1.6,8,3.0,2.0,6.0,5.64301420131866e-17,0.0023002925536734,1.2210389692381321e-19,0.0,4.384183490279708e-17,0.0020602975001469,1.0759605813802796e-19,0.0,-0.2366321610479255,0.1921258499089788,0.1553451115004076
train-ticket-0.1.0,5,ts-train-service,4.571428571428571,32,2.0,2.0,3.0,4.794712654051461e-30,1.0988656433423914e-19,0.0,0.0,3.7251191134013894e-30,9.8421834838363e-20,0.0,0.0,-0.1717076542718216,0.0729927981518964,0.0590189939198971
train-ticket-0.1.0,5,ts-travel-plan-service,7.6,38,3.0,0.666666667,6.0,0.2679371183656285,0.0272976279093974,0.2181941238104307,0.0758017770258905,0.2081663183653175,0.0244496007483297,0.1922692741373484,0.2243949608828981,-0.1909276777705732,0.1927443518861105,0.1558452069256003
train-ticket-0.1.0,5,ts-travel-service,16.285714285714285,114,5.0,1.294117647,6.0,0.0773984788918459,0.0507682214710458,0.061359100968966,0.0222018264648927,0.0601326031132615,0.0454714508450948,0.0540686870892688,0.0657237623785108,-0.3369172589230377,0.2760464109589988,0.2231998479643885
train-ticket-0.1.0,5,ts-travel2-service,17.428571428571427,122,5.0,1.294117647,6.0,0.0773984788918459,0.0173898292878963,0.061359100968966,0.0222018264648927,0.0601326031132615,0.0155755065818121,0.0540686870892688,0.0657237623785108,-0.3302268203438224,0.1537846420667354,0.124343977555468
train-ticket-0.1.0,5,ts-verification-code-service,10.2,51,3.0,1.333333333,7.0,1.369816217182848e-33,1.4431313792324602e-19,0.0,0.0,1.0642407461400809e-33,1.292566012209191e-19,0.0,0.0,0.0,0.3700043308740405,0.2991703826553916
train-ticket-0.2.0,6,ts-admin-basic-info-service,2.0,10,2.0,2.0,8.0,1.6385977094916705e-19,0.0117685928902041,1.3039653155561134e-24,0.0,1.7974410407202165e-19,0.0160779396884962,2.0692208031115414e-24,0.0,0.0,0.1671957915116146,0.0982578261934718
train-ticket-0.2.0,6,ts-admin-order-service,9.6,48,2.0,2.0,18.0,3.17026594741086e-22,0.0119856899740087,9.957789216842546e-21,0.0,3.477587018989426e-22,0.0163745319703878,1.580169683555029e-20,0.0,0.0,0.3048704642634204,0.1791666453939259
train-ticket-0.2.0,6,ts-admin-travel-service,8.4,42,3.0,2.0,6.0,0.079490483660812,0.0025209506931758,0.0344909174890284,0.034885771722135,0.0871961780801998,0.0034440560210296,0.0547325324801785,0.1299194861143019,0.0,0.2542460958940627,0.1494156549926807
train-ticket-0.2.0,6,ts-assurance-service,7.714285714285714,54,3.0,2.0,3.0,4.834626239671917e-28,6.5140118472400904e-21,0.0,0.0,5.303288030608181e-28,8.899270336494703e-21,0.0,0.0,-0.1248529496944551,0.1904601263725874,0.1119298388117882
train-ticket-0.2.0,6,ts-cancel-service,33.6,168,6.0,0.363636364,18.0,1.0207985569632799e-20,0.0128229868322368,3.5054662709046584e-19,0.0,1.1197533170987871e-20,0.0175184247461473,5.562712171733077e-19,0.0,-1.6653345369377348e-16,0.46489054609456,0.2732074417912264
train-ticket-0.2.0,6,ts-config-service,3.6666666666666665,22,2.0,2.0,3.0,6.37199112780643e-20,1.6855131459931288e-17,0.0,0.0,6.989682884261713e-20,2.302703386740657e-17,0.0,0.0,-0.1060263291833341,0.2848905603318871,0.1674248311406019
train-ticket-0.2.0,6,ts-consign-service,2.769230769230769,36,3.0,2.0,3.0,3.3551854338544927e-19,4.9383628312547984e-20,3.95278619655703e-19,0.0,3.680432337420759e-19,6.746660412300909e-20,6.27254983747762e-19,0.0,-0.1337506620396999,0.3019246881736329,0.1774354681171634
train-ticket-0.2.0,6,ts-contacts-service,6.0,42,2.0,2.0,8.0,1.4842258283717284e-19,3.0683026351492916e-20,0.0,0.0,1.6281045690219588e-19,4.191833736983715e-20,0.0,0.0,-0.1248529496944553,0.2323260765790485,0.1365336713701289
train-ticket-0.2.0,6,ts-execute-service,18.8,94,4.0,0.666666667,18.0,1.357918984107345e-19,0.0119856899740087,2.680699548092659e-18,0.0,1.4895537189325317e-19,0.0163745319703878,4.2539162703414235e-18,0.0,2.6020852139652106e-18,0.1972100977339929,0.1158966701945854
train-ticket-0.2.0,6,ts-food-map-service,11.142857142857142,156,5.0,2.0,15.0,1.1140342722464962e-19,1.4811390124830917e-21,0.0,0.0,1.2220271700037492e-19,2.0234928623288417e-21,0.0,0.0,-0.0344974624692214,0.2841257808165677,0.1669753845844823
train-ticket-0.2.0,6,ts-inside-payment-service,17.75,142,4.0,1.636363636,18.0,1.1795891153391395e-20,0.015191300888456,4.2929016179033843e-23,0.0,1.2939368063410567e-20,0.0207539526392912,6.812268108288204e-23,0.0,-0.0241287091331014,0.1807523332763079,0.1062247511528673
train-ticket-0.2.0,6,ts-notification-service,1.7142857142857142,12,2.0,2.0,2.0,8.819715294355223e-22,4.744192414343423e-20,0.0,0.0,9.674685949890529e-22,6.481389935064007e-20,0.0,0.0,-0.1181374627190294,0.1370856726034653,0.0805626748766028
train-ticket-0.2.0,6,ts-order-other-service,30.857142857142858,216,10.0,1.8,18.0,1.9147242744050185e-22,0.0675390189690735,6.073697853493693e-25,0.0,2.100334922075828e-22,0.0922700176423668,9.638156629114906e-25,0.0,-0.2962412987806715,0.1501327110444257,0.0882301743027613
train-ticket-0.2.0,6,ts-order-service,31.142857142857142,218,10.0,1.8,18.0,4.873879646425169e-23,0.149920560583435,4.396881181350402e-25,0.0,5.34634660677833e-23,0.2048174963323252,6.9772699478434725e-25,0.0,-0.3225709374405179,0.1135228603725818,0.0667152527143605
train-ticket-0.2.0,6,ts-payment-service,2.0,14,2.0,2.0,3.0,2.609719464835264e-23,6.781074126816197e-23,0.0,0.0,2.86270195771023e-23,9.264123744557705e-23,0.0,0.0,0.0,0.1368952129155702,0.080450745295476
train-ticket-0.2.0,6,ts-preserve-service,21.666666666666668,260,4.0,0.166666667,18.0,0.1228447171421993,0.0258870052710317,0.1145673528019882,0.0106621306386315,0.1347531092885235,0.0353661404848047,0.1818032634358761,0.0397072635941041,-0.2454302000516707,0.0647194975052487,0.0380344330422803
train-ticket-0.2.0,6,ts-price-service,4.0,28,3.0,2.0,4.0,1.935998801457556e-23,2.9614269140826333e-24,0.0,0.0,2.1236717715201042e-23,4.0458229595266605e-24,0.0,0.0,-0.003331529725796,0.096240321689534,0.0565586293523251
train-ticket-0.2.0,6,ts-rebook-service,37.6,188,9.0,0.266666667,18.0,0.0937341737145197,0.0248790940373702,0.0594961057310233,0.0341848192240917,0.1028206311875919,0.0339891588713394,0.0944124649743871,0.1273090411150721,-0.0935317985108034,0.1598936468628045,0.0939664929412677
train-ticket-0.2.0,6,ts-route-plan-service,16.4,82,4.0,0.75,9.0,0.079490483660812,0.0157814969802687,0.0444467998497149,0.034885771722135,0.0871961780801998,0.0215602628972022,0.0705312033867569,0.1299194861143019,-0.0499708482722738,0.1285976786573902,0.0755744402664825
train-ticket-0.2.0,6,ts-route-service,5.714285714285714,40,3.0,2.0,6.0,8.529452065712509e-26,4.986761879929029e-21,0.0,0.0,9.356285016731512e-26,6.812781909817624e-21,0.0,0.0,-0.1741524963678852,0.5390492144867309,0.3167890982655825
train-ticket-0.2.0,6,ts-seat-service,13.2,66,3.0,1.0,8.0,0.0738594631259279,0.0385620810158653,0.0492253173107665,0.034885771722135,0.0810192944241871,0.0526824930236187,0.0781140797259354,0.1299194861143019,-0.4110763721987461,0.2798223981886398,0.1644463674454979
train-ticket-0.2.0,6,ts-security-service,6.285714285714286,44,2.0,1.428571429,18.0,3.170482702245376e-22,0.015191300888456,1.1096913736315077e-17,0.0,3.4778247857292896e-22,0.0207539526392912,1.7609337057960464e-17,0.0,-0.1596063269443813,0.3778858459134395,0.2220764137245433
train-ticket-0.2.0,6,ts-ticketinfo-service,1.6,8,3.0,2.0,6.0,2.8233059478107987e-17,0.0013467383546248,9.51909330196808e-21,0.0,3.0969932105415394e-17,0.0018398782457557,1.510554433634739e-20,0.0,-0.2401451268924383,0.3365575706711582,0.1977885626433757
train-ticket-0.2.0,6,ts-train-service,5.428571428571429,38,2.0,2.0,3.0,1.6336646507421452e-30,2.5464112270974535e-20,0.0,0.0,1.7920297782722597e-30,3.478839527660167e-20,0.0,0.0,-0.1741524963678852,0.5059321220636074,0.2973268050946543
train-ticket-0.2.0,6,ts-travel-plan-service,7.6,38,3.0,0.666666667,6.0,0.1917600773985567,0.0173590191507853,0.1240727107974277,0.0842217032254302,0.2103490265434202,0.0237154318754701,0.1968870116541312,0.3136533853936906,-0.1937427729667079,0.2579243176275043,0.1515772768165197
train-ticket-0.2.0,6,ts-travel-service,16.857142857142858,118,5.0,1.294117647,6.0,0.053929356885842,0.0341933870834138,0.0348169593414116,0.0246679657516476,0.0591571920336269,0.0467140991621979,0.0552499178550715,0.0918669496396944,-0.341000229466317,0.3294682225815983,0.1936222859320351
train-ticket-0.2.0,6,ts-travel2-service,17.714285714285715,124,5.0,1.294117647,6.0,0.053929356885842,0.0115448957354664,0.0348169593414116,0.0246679657516476,0.0591571920336269,0.0157723305646259,0.0552499178550715,0.0918669496396944,-0.3342091922658683,0.3961835661437103,0.2328296402134877
train-ticket-0.2.0,6,ts-verification-code-service,10.2,51,3.0,1.333333333,7.0,4.66726682804232e-34,3.0624223353564383e-20,0.0,0.0,5.119705035666032e-34,4.1838002272598407e-20,0.0,0.0,0.0,0.173082769261565,0.101717492440629
train-ticket-1.0.0,7,ts-admin-order-service,6.5,26,2.0,1.6,3.0,1.1131830064381261e-22,0.0055087517150766,6.222007123422846e-22,0.0,2.648927802031578e-22,0.0194755532599815,1.1420522862818381e-20,0.0,0.0,0.2066824226124408,0.1149507976994881
train-ticket-1.0.0,7,ts-admin-route-service,5.5,22,2.0,1.2,5.0,6.932588397175804e-26,0.0038918875710854,5.680258216675474e-22,0.0,1.649677190463044e-25,0.0137593174629907,1.0426140237937752e-20,0.0,0.0,0.1163426347104992,0.0647064152693313
train-ticket-1.0.0,7,ts-admin-travel-service,15.5,62,2.0,0.888888889,7.0,0.0390931896187295,0.0047900220007318,0.0045594136178121,0.2460956243322602,0.0930260669200225,0.0169345676510381,0.0836882479083758,0.1000669220323384,0.0,0.5466078291460437,0.3040074970813756
train-ticket-1.0.0,7,ts-assurance-service,7.714285714285714,54,3.0,2.0,3.0,1.490662529452085e-28,7.180638044483344e-22,0.0,0.0,3.547177233999415e-28,2.5386313616793746e-21,0.0,0.0,0.1234629537148742,0.125295912663203,0.0696859700359136
train-ticket-1.0.0,7,ts-cancel-service,26.8,134,6.0,0.333333333,14.0,4.3696759934008055e-21,0.0059046751850646,1.4550637323239629e-19,0.0,1.0398071258584847e-20,0.0208752948031563,2.670776212921149e-18,0.0,-5.551115123125783e-17,0.1502945835038353,0.083589509186633
train-ticket-1.0.0,7,ts-config-service,3.6666666666666665,22,2.0,2.0,3.0,1.964678951659083e-20,1.4313090106687127e-16,0.0,0.0,4.675145656210006e-20,5.060227127768161e-16,0.0,0.0,0.1085298137005532,0.7910221648219677,0.4399436957189407
train-ticket-1.0.0,7,ts-consign-price-service,2.0,14,3.0,2.0,3.0,2.6912275526903584e-20,5.7165848109842306e-21,0.0,0.0,6.404039088528017e-20,2.021032308405222e-20,0.0,0.0,0.0344900572316069,0.1846327919141029,0.1026874295537322
train-ticket-1.0.0,7,ts-consign-service,3.142857142857143,22,2.0,1.666666667,3.0,1.1174846089197176e-19,4.9389077744938e-21,2.4787979478319162e-20,0.0,2.6591638857131246e-19,1.7460936049275798e-20,4.549845102065439e-19,0.0,0.1324445540273623,0.2133151229026982,0.1186397141522258
train-ticket-1.0.0,7,ts-contacts-service,6.0,42,2.0,2.0,8.0,4.576320314988516e-20,5.073215908616518e-21,0.0,0.0,1.088980162584685e-19,1.7935766892023152e-20,0.0,0.0,0.123462953714874,0.1959923305947481,0.1090052770819998
train-ticket-1.0.0,7,ts-execute-service,18.0,72,4.0,0.571428571,9.0,4.1855209073235384e-20,0.0055087517150766,1.6812444502029152e-19,0.0,9.95985622603916e-20,0.0194755532599815,3.085931967073393e-18,0.0,0.0,0.2047563536763039,0.1138795737519718
train-ticket-1.0.0,7,ts-food-service,9.428571428571429,198,5.0,2.0,15.0,0.0195465948093647,0.0025579149960302,0.001343170147512,0.1020604154679906,0.0465130334600112,0.0090432120226715,0.024653950202933,0.0414996067684438,0.1317555661628081,0.2270124930813448,0.1262577960796525
train-ticket-1.0.0,7,ts-inside-payment-service,15.0,120,4.0,1.5,9.0,3.648120883730566e-21,0.0071833454315328,6.1109270367227294e-24,0.0,8.68106032718443e-21,0.0253958852699384,1.1216634849738671e-22,0.0,0.0243104708848548,0.1873965227008157,0.1042245368439588
train-ticket-1.0.0,7,ts-notification-service,1.7142857142857142,12,2.0,2.0,2.0,2.7193868683886037e-22,2.6148500596008258e-21,0.0,0.0,6.47104693342671e-22,9.244499341519816e-21,0.0,0.0,0.1035099017607941,0.1512061557490461,0.0840964993574624
train-ticket-1.0.0,7,ts-order-other-service,28.285714285714285,198,10.0,1.714285714,18.0,5.903676693300653e-23,0.0299496598211959,3.458972661888226e-25,0.0,1.4048375906427553e-22,0.1058835513260956,6.348960324755583e-24,0.0,0.2963533274139554,0.1648354449181268,0.0916767165924838
train-ticket-1.0.0,7,ts-order-service,28.571428571428573,200,10.0,1.714285714,18.0,1.5027670083936394e-23,0.0699970962201717,2.760965843835374e-26,0.0,3.5759810251208625e-23,0.2474666214759781,5.067765580704827e-25,0.0,0.3232942389881369,0.2426603006777802,0.1349606550007095
train-ticket-1.0.0,7,ts-payment-service,2.0,14,2.0,2.0,3.0,8.04656001469033e-24,3.737515373757138e-24,0.0,0.0,1.9147576283822458e-23,1.3213552450075305e-23,0.0,0.0,0.0,0.1531442305436673,0.0851744006169262
train-ticket-1.0.0,7,ts-preserve-other-service,14.8,74,4.0,0.153846154,19.0,0.0582171519926605,0.0075081254935894,0.0113337764693499,0.2048378973616858,0.1385334051782691,0.0265441075394324,0.208031991482321,0.0832907856861597,0.2335459062255529,0.0394784414202157,0.0219567695976539
train-ticket-1.0.0,7,ts-preserve-service,14.8,74,4.0,0.153846154,19.0,0.0582171519926605,0.0101983771854405,0.0113337764693502,0.2048378973616858,0.1385334051782691,0.0360551806132119,0.2080319914823273,0.0832907856861597,0.240561623775353,0.1136048215412187,0.063183722609825
train-ticket-1.0.0,7,ts-price-service,6.285714285714286,44,3.0,2.0,4.0,5.96927399829932e-24,3.2644912626627022e-25,0.0,0.0,1.4204471107256484e-23,1.1541230525734046e-24,0.0,0.0,0.0022546282459868,0.2242578644966403,0.1247257511714536
train-ticket-1.0.0,7,ts-rebook-service,30.4,152,9.0,0.235294118,18.0,0.0432146742074793,0.0059509967263338,0.005361527935397,0.2444529910956259,0.1028335424650517,0.0210390592439469,0.0984110933196046,0.0993989977144477,0.0933456496703865,0.1299103943812282,0.0722524115733797
train-ticket-1.0.0,7,ts-route-plan-service,18.5,74,4.0,0.75,9.0,0.0390931896187295,0.0017679610453353,0.0039543803091927,0.3142911381929751,0.0930260669200225,0.0062504213805398,0.0725828335351873,0.127796448662369,0.0507961824414122,0.4043750879825045,0.2249017519044294
train-ticket-1.0.0,7,ts-route-service,6.857142857142857,48,3.0,2.0,6.0,2.629889873757464e-26,1.3738353364521625e-21,0.0,0.0,6.258080084395068e-26,4.857035613402426e-21,0.0,0.0,0.1763412948019174,0.0204915517058743,0.0113968095831134
train-ticket-1.0.0,7,ts-seat-service,13.0,52,3.0,0.8,7.0,0.0227731221958411,0.0182612774605937,0.001852156139688,0.0840903644751238,0.0541908708404084,0.0645606300980562,0.033996411638918,0.0341926597371852,0.4167630884958223,0.2624046224157381,0.1459418768439888
train-ticket-1.0.0,7,ts-security-service,3.142857142857143,22,2.0,1.25,3.0,1.1132498385558273e-22,0.0071833454315328,7.746643951622007e-20,0.0,2.6490868355899633e-22,0.0253958852699384,1.4219000815116953e-18,0.0,0.1613632224109365,0.1380273148327522,0.0767668084387366
train-ticket-1.0.0,7,ts-train-food-service,4.285714285714286,30,4.0,2.0,3.0,9.59427767319628e-30,0.0,0.0,0.0,2.283052177580388e-29,0.0,0.0,0.0,0.0,0.2738484037028321,0.1523065776783535
train-ticket-1.0.0,7,ts-train-service,8.285714285714286,58,2.0,2.0,3.0,5.037085722508705e-31,5.614006559600801e-21,0.0,0.0,1.1986237963030985e-30,1.984766956444156e-20,0.0,0.0,0.178201026974255,0.1239418804531192,0.0689328964039492
train-ticket-1.0.0,7,ts-travel-plan-service,4.8,24,3.0,0.666666667,3.0,0.0927845933737918,0.002002083235404,0.0104965917150655,0.7699736470462709,0.2207900116751317,0.0070781332502814,0.1926654265828453,0.3130851802627288,0.1950613675288399,0.2909787092329623,0.1618339591587653
train-ticket-1.0.0,7,ts-travel-service,21.142857142857142,148,5.0,1.181818182,6.0,0.0236497106115293,0.0125288064755655,0.0021230688474148,0.1443352237362653,0.0562767986814066,0.0442941432867765,0.0389690269237436,0.0586893067250836,0.3419617061667542,0.0863730560247821,0.0480382006572902
train-ticket-1.0.0,7,ts-travel2-service,16.857142857142858,118,5.0,1.1,6.0,0.0236497106115293,0.0037662867461086,0.0021230688474148,0.1443352237362653,0.0562767986814066,0.013315270302608,0.0389690269237436,0.0586893067250836,0.3352028456288849,0.5275958559784482,0.2934335863741531
train-ticket-1.0.0,7,ts-verification-code-service,10.2,51,3.0,1.333333333,7.0,1.4390605251812308e-34,0.0,0.0,0.0,3.424385219601901e-34,0.0,0.0,0.0,0.0,0.1104729627739851,0.0614418731626143
