MS_system,Version Id,Microservice,Sum(Di)_x,Sum(Fin)_x,Sum(Fout)_x,Sum(IOVars)_x,Sum(MCLC)_x,Sum(NBD)_x,Sum(Si)_x,Sum(VG)_x,Avg(Di)_x,Avg(Fin)_x,Avg(Fout)_x,Avg(IOVars)_x,Avg(MCLC)_x,Avg(NBD)_x,Avg(Si)_x,Avg(VG)_x,Max(Di)_x,Max(Fin)_x,Max(Fout)_x,Max(IOVars)_x,Max(MCLC)_x,Max(NBD)_x,Max(Si)_x,Max(VG)_x,Sum(Di)_y,Sum(Fin)_y,Sum(Fout)_y,Sum(IOVars)_y,Sum(MCLC)_y,Sum(NBD)_y,Sum(Si)_y,Sum(VG)_y,Avg(Di)_y,Avg(Fin)_y,Avg(Fout)_y,Avg(IOVars)_y,Avg(MCLC)_y,Avg(NBD)_y,Avg(Si)_y,Avg(VG)_y,Max(Di)_y,Max(Fin)_y,Max(Fout)_y,Max(IOVars)_y,Max(MCLC)_y,Max(NBD)_y,Max(Si)_y,Max(VG)_y
train-ticket-0.0.1,1,ts-admin-basic-info-service,330.083333333,49.0,49.0,390.0,78.0,267.0,89.0,273.0,1.3418021680203251,0.1991869918699187,0.1991869918699187,1.5853658536585367,0.3170731707317073,1.0853658536585367,0.3617886178861789,1.1097560975609757,5.0,7.0,5.0,5.0,9.0,2.0,25.0,8.0,330.083333333,49.0,49.0,390.0,78.0,267.0,89.0,273.0,1.3418021680203251,0.1991869918699187,0.1991869918699187,1.5853658536585367,0.3170731707317073,1.0853658536585367,0.3617886178861789,1.1097560975609757,5.0,7.0,5.0,5.0,9.0,2.0,25.0,8.0
train-ticket-0.0.1,1,ts-admin-order-service,127.590476191,44.0,44.0,140.0,35.0,116.0,430.0,136.0,1.2036837376509433,0.41509433962264153,0.41509433962264153,1.320754716981132,0.330188679245283,1.0943396226415094,4.056603773584905,1.2830188679245282,4.0,5.0,14.0,4.0,22.0,3.0,196.0,18.0,127.590476191,44.0,44.0,140.0,35.0,116.0,430.0,136.0,1.2036837376509433,0.41509433962264153,0.41509433962264153,1.320754716981132,0.330188679245283,1.0943396226415094,4.056603773584905,1.2830188679245282,4.0,5.0,14.0,4.0,22.0,3.0,196.0,18.0
train-ticket-0.0.1,1,ts-admin-route-service,104.43333333300001,13.0,13.0,111.0,7.0,84.0,81.0,84.0,1.3054166666625,0.1625,0.1625,1.3875,0.0875,1.05,1.0125,1.05,4.0,2.0,8.0,4.0,2.0,2.0,64.0,2.0,104.43333333300001,13.0,13.0,111.0,7.0,84.0,81.0,84.0,1.3054166666625,0.1625,0.1625,1.3875,0.0875,1.05,1.0125,1.05,4.0,2.0,8.0,4.0,2.0,2.0,64.0,2.0
train-ticket-0.0.1,1,ts-admin-travel-service,145.0,20.0,20.0,155.0,17.0,121.0,100.0,128.0,1.3181818181818181,0.18181818181818182,0.18181818181818182,1.4090909090909092,0.15454545454545454,1.1,0.9090909090909091,1.1636363636363636,8.0,6.0,5.0,8.0,4.0,3.0,25.0,6.0,145.0,20.0,20.0,155.0,17.0,121.0,100.0,128.0,1.3181818181818181,0.18181818181818182,0.18181818181818182,1.4090909090909092,0.15454545454545454,1.1,0.9090909090909091,1.1636363636363636,8.0,6.0,5.0,8.0,4.0,3.0,25.0,6.0
train-ticket-0.0.1,1,ts-admin-user-service,118.45,12.0,12.0,127.0,9.0,105.0,42.0,105.0,1.1845,0.12,0.12,1.27,0.09,1.05,0.42,1.05,3.0,2.0,4.0,3.0,2.0,2.0,16.0,2.0,118.45,12.0,12.0,127.0,9.0,105.0,42.0,105.0,1.1845,0.12,0.12,1.27,0.09,1.05,0.42,1.05,3.0,2.0,4.0,3.0,2.0,2.0,16.0,2.0
train-ticket-0.0.1,1,ts-assurance-service,142.214285715,23.0,23.0,157.0,13.0,110.0,107.0,110.0,1.367445054951923,0.22115384615384615,0.22115384615384615,1.5096153846153846,0.125,1.0576923076923077,1.0288461538461537,1.0576923076923077,4.0,4.0,6.0,5.0,4.0,3.0,36.0,3.0,142.214285715,23.0,23.0,157.0,13.0,110.0,107.0,110.0,1.367445054951923,0.22115384615384615,0.22115384615384615,1.5096153846153846,0.125,1.0576923076923077,1.0288461538461537,1.0576923076923077,4.0,4.0,6.0,5.0,4.0,3.0,36.0,3.0
train-ticket-0.0.1,1,ts-cancel-service,170.071951219,84.0,84.0,187.0,84.0,159.0,2208.0,189.0,1.1729100084068966,0.5793103448275863,0.5793103448275863,1.289655172413793,0.5793103448275863,1.096551724137931,15.227586206896552,1.303448275862069,5.0,14.0,40.0,5.0,26.0,6.0,1600.0,18.0,170.071951219,84.0,84.0,187.0,84.0,159.0,2208.0,189.0,1.1729100084068966,0.5793103448275863,0.5793103448275863,1.289655172413793,0.5793103448275863,1.096551724137931,15.227586206896552,1.303448275862069,5.0,14.0,40.0,5.0,26.0,6.0,1600.0,18.0
train-ticket-0.0.1,1,ts-config-service,66.75,17.0,17.0,78.0,21.0,44.0,67.0,44.0,1.7115384615384615,0.4358974358974359,0.4358974358974359,2.0,0.5384615384615384,1.1282051282051282,1.7179487179487178,1.1282051282051282,4.0,7.0,5.0,4.0,5.0,2.0,25.0,2.0,66.75,17.0,17.0,78.0,21.0,44.0,67.0,44.0,1.7115384615384615,0.4358974358974359,0.4358974358974359,2.0,0.5384615384615384,1.1282051282051282,1.7179487179487178,1.1282051282051282,4.0,7.0,5.0,4.0,5.0,2.0,25.0,2.0
train-ticket-0.0.1,1,ts-consign-price-service,49.006060606,22.0,22.0,56.0,10.0,36.0,180.0,38.0,1.4001731601714285,0.6285714285714286,0.6285714285714286,1.6,0.2857142857142857,1.0285714285714285,5.142857142857143,1.0857142857142856,3.0,4.0,10.0,3.0,8.0,2.0,100.0,3.0,49.006060606,22.0,22.0,56.0,10.0,36.0,180.0,38.0,1.4001731601714285,0.6285714285714286,0.6285714285714286,1.6,0.2857142857142857,1.0285714285714285,5.142857142857143,1.0857142857142856,3.0,4.0,10.0,3.0,8.0,2.0,100.0,3.0
train-ticket-0.0.1,1,ts-consign-service,93.3,38.0,38.0,99.0,7.0,72.0,722.0,73.0,1.3328571428571427,0.5428571428571428,0.5428571428571428,1.4142857142857144,0.1,1.0285714285714285,10.314285714285715,1.042857142857143,3.0,5.0,19.0,3.0,4.0,2.0,361.0,3.0,93.3,38.0,38.0,99.0,7.0,72.0,722.0,73.0,1.3328571428571427,0.5428571428571428,0.5428571428571428,1.4142857142857144,0.1,1.0285714285714285,10.314285714285715,1.042857142857143,3.0,5.0,19.0,3.0,4.0,2.0,361.0,3.0
train-ticket-0.0.1,1,ts-contacts-service,133.708333333,38.0,38.0,159.0,31.0,118.0,204.0,124.0,1.2266819571834864,0.3486238532110092,0.3486238532110092,1.4587155963302751,0.28440366972477066,1.0825688073394495,1.871559633027523,1.1376146788990826,4.0,4.0,8.0,5.0,9.0,3.0,64.0,8.0,133.708333333,38.0,38.0,159.0,31.0,118.0,204.0,124.0,1.2266819571834864,0.3486238532110092,0.3486238532110092,1.4587155963302751,0.28440366972477066,1.0825688073394495,1.871559633027523,1.1376146788990826,4.0,4.0,8.0,5.0,9.0,3.0,64.0,8.0
train-ticket-0.0.1,1,ts-execute-service,94.394202899,60.0,60.0,105.0,44.0,86.0,1166.0,108.0,1.194863327835443,0.759493670886076,0.759493670886076,1.3291139240506329,0.5569620253164557,1.0886075949367089,14.759493670886076,1.3670886075949367,3.0,14.0,22.0,3.0,22.0,4.0,484.0,18.0,94.394202899,60.0,60.0,105.0,44.0,86.0,1166.0,108.0,1.194863327835443,0.759493670886076,0.759493670886076,1.3291139240506329,0.5569620253164557,1.0886075949367089,14.759493670886076,1.3670886075949367,3.0,14.0,22.0,3.0,22.0,4.0,484.0,18.0
train-ticket-0.0.1,1,ts-food-map-service,96.0,10.0,10.0,108.0,14.0,82.0,14.0,83.0,1.263157894736842,0.13157894736842105,0.13157894736842105,1.4210526315789473,0.18421052631578946,1.0789473684210527,0.18421052631578946,1.0921052631578947,3.0,2.0,2.0,3.0,4.0,4.0,4.0,5.0,96.0,10.0,10.0,108.0,14.0,82.0,14.0,83.0,1.263157894736842,0.13157894736842105,0.13157894736842105,1.4210526315789473,0.18421052631578946,1.0789473684210527,0.18421052631578946,1.0921052631578947,3.0,2.0,2.0,3.0,4.0,4.0,4.0,5.0
train-ticket-0.0.1,1,ts-food-service,208.533710407,50.0,50.0,228.0,41.0,193.0,558.0,203.0,1.139528472169399,0.273224043715847,0.273224043715847,1.2459016393442623,0.22404371584699453,1.0546448087431695,3.0491803278688523,1.1092896174863387,6.0,5.0,16.0,6.0,29.0,5.0,256.0,15.0,208.533710407,50.0,50.0,228.0,41.0,193.0,558.0,203.0,1.139528472169399,0.273224043715847,0.273224043715847,1.2459016393442623,0.22404371584699453,1.0546448087431695,3.0491803278688523,1.1092896174863387,6.0,5.0,16.0,6.0,29.0,5.0,256.0,15.0
train-ticket-0.0.1,1,ts-inside-payment-service,218.89047619,65.0,65.0,244.0,68.0,189.0,763.0,217.0,1.2652628681502889,0.37572254335260113,0.37572254335260113,1.4104046242774566,0.3930635838150289,1.092485549132948,4.410404624277457,1.254335260115607,4.0,6.0,20.0,4.0,22.0,4.0,400.0,18.0,218.89047619,65.0,65.0,244.0,68.0,189.0,763.0,217.0,1.2652628681502889,0.37572254335260113,0.37572254335260113,1.4104046242774566,0.3930635838150289,1.092485549132948,4.410404624277457,1.254335260115607,4.0,6.0,20.0,4.0,22.0,4.0,400.0,18.0
train-ticket-0.0.1,1,ts-login-service,79.51388889,19.0,19.0,95.0,37.0,68.0,121.0,77.0,1.2621252204761906,0.30158730158730157,0.30158730158730157,1.507936507936508,0.5873015873015873,1.0793650793650793,1.9206349206349207,1.2222222222222223,5.0,3.0,8.0,5.0,20.0,2.0,64.0,9.0,79.51388889,19.0,19.0,95.0,37.0,68.0,121.0,77.0,1.2621252204761906,0.30158730158730157,0.30158730158730157,1.507936507936508,0.5873015873015873,1.0793650793650793,1.9206349206349207,1.2222222222222223,5.0,3.0,8.0,5.0,20.0,2.0,64.0,9.0
train-ticket-0.0.1,1,ts-notification-service,77.15,33.0,33.0,89.0,0.0,68.0,261.0,64.0,1.20546875,0.515625,0.515625,1.390625,0.0,1.0625,4.078125,1.0,3.0,4.0,9.0,3.0,0.0,2.0,81.0,1.0,77.15,33.0,33.0,89.0,0.0,68.0,261.0,64.0,1.20546875,0.515625,0.515625,1.390625,0.0,1.0625,4.078125,1.0,3.0,4.0,9.0,3.0,0.0,2.0,81.0,1.0
train-ticket-0.0.1,1,ts-order-other-service,383.119031013,197.0,197.0,454.0,155.0,358.0,2979.0,398.0,1.1824661451018519,0.6080246913580247,0.6080246913580247,1.4012345679012346,0.4783950617283951,1.1049382716049383,9.194444444444445,1.228395061728395,4.0,12.0,33.0,5.0,24.0,10.0,1089.0,18.0,383.119031013,197.0,197.0,454.0,155.0,358.0,2979.0,398.0,1.1824661451018519,0.6080246913580247,0.6080246913580247,1.4012345679012346,0.4783950617283951,1.1049382716049383,9.194444444444445,1.228395061728395,4.0,12.0,33.0,5.0,24.0,10.0,1089.0,18.0
train-ticket-0.0.1,1,ts-order-service,383.119031013,197.0,197.0,454.0,153.0,358.0,2979.0,398.0,1.1824661451018519,0.6080246913580247,0.6080246913580247,1.4012345679012346,0.4722222222222222,1.1049382716049383,9.194444444444445,1.228395061728395,4.0,12.0,33.0,5.0,24.0,10.0,1089.0,18.0,383.119031013,197.0,197.0,454.0,153.0,358.0,2979.0,398.0,1.1824661451018519,0.6080246913580247,0.6080246913580247,1.4012345679012346,0.4722222222222222,1.1049382716049383,9.194444444444445,1.228395061728395,4.0,12.0,33.0,5.0,24.0,10.0,1089.0,18.0
train-ticket-0.0.1,1,ts-payment-service,110.1,11.0,11.0,123.0,47.0,73.0,29.0,81.0,1.6938461538461538,0.16923076923076924,0.16923076923076924,1.8923076923076922,0.7230769230769231,1.123076923076923,0.4461538461538462,1.2461538461538462,7.0,2.0,4.0,7.0,19.0,3.0,16.0,7.0,110.1,11.0,11.0,123.0,47.0,73.0,29.0,81.0,1.6938461538461538,0.16923076923076924,0.16923076923076924,1.8923076923076922,0.7230769230769231,1.123076923076923,0.4461538461538462,1.2461538461538462,7.0,2.0,4.0,7.0,19.0,3.0,16.0,7.0
train-ticket-0.0.1,1,ts-preserve-other-service,462.259039547,141.0,141.0,480.0,84.0,425.0,13921.0,466.0,1.111199614295673,0.3389423076923077,0.3389423076923077,1.1538461538461537,0.20192307692307693,1.0216346153846154,33.46394230769231,1.1201923076923077,8.0,8.0,117.0,8.0,42.0,6.0,13689.0,22.0,462.259039547,141.0,141.0,480.0,84.0,425.0,13921.0,466.0,1.111199614295673,0.3389423076923077,0.3389423076923077,1.1538461538461537,0.20192307692307693,1.0216346153846154,33.46394230769231,1.1201923076923077,8.0,8.0,117.0,8.0,42.0,6.0,13689.0,22.0
train-ticket-0.0.1,1,ts-preserve-service,462.259401709,140.0,140.0,480.0,87.0,425.0,13688.0,464.0,1.1112004848774037,0.33653846153846156,0.33653846153846156,1.1538461538461537,0.2091346153846154,1.0216346153846154,32.90384615384615,1.1153846153846154,8.0,8.0,116.0,8.0,45.0,6.0,13456.0,20.0,462.259401709,140.0,140.0,480.0,87.0,425.0,13688.0,464.0,1.1112004848774037,0.33653846153846156,0.33653846153846156,1.1538461538461537,0.2091346153846154,1.0216346153846154,32.90384615384615,1.1153846153846154,8.0,8.0,116.0,8.0,45.0,6.0,13456.0,20.0
train-ticket-0.0.1,1,ts-price-service,121.157894736,41.0,41.0,137.0,20.0,87.0,465.0,88.0,1.5144736842,0.5125,0.5125,1.7125,0.25,1.0875,5.8125,1.1,6.0,8.0,18.0,6.0,6.0,3.0,324.0,4.0,121.157894736,41.0,41.0,137.0,20.0,87.0,465.0,88.0,1.5144736842,0.5125,0.5125,1.7125,0.25,1.0875,5.8125,1.1,6.0,8.0,18.0,6.0,6.0,3.0,324.0,4.0
train-ticket-0.0.1,1,ts-rebook-service,370.939643462,114.0,114.0,403.0,114.0,342.0,2882.0,389.0,1.177586169720635,0.3619047619047619,0.3619047619047619,1.2793650793650793,0.3619047619047619,1.0857142857142856,9.149206349206349,1.234920634920635,8.0,16.0,37.0,8.0,26.0,10.0,1369.0,18.0,370.939643462,114.0,114.0,403.0,114.0,342.0,2882.0,389.0,1.177586169720635,0.3619047619047619,0.3619047619047619,1.2793650793650793,0.3619047619047619,1.0857142857142856,9.149206349206349,1.234920634920635,8.0,16.0,37.0,8.0,26.0,10.0,1369.0,18.0
train-ticket-0.0.1,1,ts-register-service,52.666666667,6.0,6.0,58.0,8.0,49.0,26.0,50.0,1.0972222222291668,0.125,0.125,1.2083333333333333,0.16666666666666666,1.0208333333333333,0.5416666666666666,1.0416666666666667,4.0,2.0,5.0,4.0,5.0,2.0,25.0,3.0,52.666666667,6.0,6.0,58.0,8.0,49.0,26.0,50.0,1.0972222222291668,0.125,0.125,1.2083333333333333,0.16666666666666666,1.0208333333333333,0.5416666666666666,1.0416666666666667,4.0,2.0,5.0,4.0,5.0,2.0,25.0,3.0
train-ticket-0.0.1,1,ts-route-plan-service,219.945614035,94.0,94.0,244.0,85.0,195.0,2088.0,203.0,1.2084923848076923,0.5164835164835165,0.5164835164835165,1.3406593406593406,0.46703296703296704,1.0714285714285714,11.472527472527473,1.1153846153846154,8.0,9.0,37.0,8.0,24.0,4.0,1369.0,8.0,219.945614035,94.0,94.0,244.0,85.0,195.0,2088.0,203.0,1.2084923848076923,0.5164835164835165,0.5164835164835165,1.3406593406593406,0.46703296703296704,1.0714285714285714,11.472527472527473,1.1153846153846154,8.0,9.0,37.0,8.0,24.0,4.0,1369.0,8.0
train-ticket-0.0.1,1,ts-route-service,123.064102564,21.0,21.0,130.0,24.0,90.0,209.0,95.0,1.4478129713411765,0.24705882352941178,0.24705882352941178,1.5294117647058822,0.2823529411764706,1.0588235294117647,2.458823529411765,1.1176470588235294,4.0,4.0,12.0,4.0,14.0,3.0,144.0,6.0,123.064102564,21.0,21.0,130.0,24.0,90.0,209.0,95.0,1.4478129713411765,0.24705882352941178,0.24705882352941178,1.5294117647058822,0.2823529411764706,1.0588235294117647,2.458823529411765,1.1176470588235294,4.0,4.0,12.0,4.0,14.0,3.0,144.0,6.0
train-ticket-0.0.1,1,ts-seat-service,95.731111111,51.0,51.0,103.0,54.0,79.0,1253.0,88.0,1.2596198830394738,0.6710526315789473,0.6710526315789473,1.355263157894737,0.7105263157894737,1.0394736842105263,16.486842105263158,1.1578947368421053,5.0,10.0,26.0,5.0,26.0,2.0,676.0,7.0,95.731111111,51.0,51.0,103.0,54.0,79.0,1253.0,88.0,1.2596198830394738,0.6710526315789473,0.6710526315789473,1.355263157894737,0.7105263157894737,1.0394736842105263,16.486842105263158,1.1578947368421053,5.0,10.0,26.0,5.0,26.0,2.0,676.0,7.0
train-ticket-0.0.1,1,ts-security-service,150.804761905,52.0,52.0,174.0,53.0,140.0,466.0,157.0,1.1170723104074074,0.3851851851851852,0.3851851851851852,1.288888888888889,0.3925925925925926,1.037037037037037,3.4518518518518517,1.162962962962963,3.0,4.0,14.0,3.0,23.0,2.0,196.0,18.0,150.804761905,52.0,52.0,174.0,53.0,140.0,466.0,157.0,1.1170723104074074,0.3851851851851852,0.3851851851851852,1.288888888888889,0.3925925925925926,1.037037037037037,3.4518518518518517,1.162962962962963,3.0,4.0,14.0,3.0,23.0,2.0,196.0,18.0
train-ticket-0.0.1,1,ts-sso-service,244.596816908,85.0,85.0,280.0,74.0,223.0,743.0,237.0,1.181627134821256,0.4106280193236715,0.4106280193236715,1.3526570048309179,0.357487922705314,1.077294685990338,3.5893719806763285,1.144927536231884,4.0,7.0,16.0,4.0,10.0,3.0,256.0,8.0,244.596816908,85.0,85.0,280.0,74.0,223.0,743.0,237.0,1.181627134821256,0.4106280193236715,0.4106280193236715,1.3526570048309179,0.357487922705314,1.077294685990338,3.5893719806763285,1.144927536231884,4.0,7.0,16.0,4.0,10.0,3.0,256.0,8.0
train-ticket-0.0.1,1,ts-ticketinfo-service,95.0,0.0,0.0,95.0,2.0,70.0,0.0,73.0,1.3970588235294117,0.0,0.0,1.3970588235294117,0.029411764705882353,1.0294117647058822,0.0,1.0735294117647058,8.0,0.0,0.0,8.0,1.0,3.0,0.0,6.0,95.0,0.0,0.0,95.0,2.0,70.0,0.0,73.0,1.3970588235294117,0.0,0.0,1.3970588235294117,0.029411764705882353,1.0294117647058822,0.0,1.0735294117647058,8.0,0.0,0.0,8.0,1.0,3.0,0.0,6.0
train-ticket-0.0.1,1,ts-train-service,70.678571429,21.0,21.0,80.0,12.0,48.0,165.0,48.0,1.6063311688409092,0.4772727272727273,0.4772727272727273,1.8181818181818181,0.2727272727272727,1.0909090909090908,3.75,1.0909090909090908,5.0,5.0,11.0,5.0,3.0,2.0,121.0,2.0,70.678571429,21.0,21.0,80.0,12.0,48.0,165.0,48.0,1.6063311688409092,0.4772727272727273,0.4772727272727273,1.8181818181818181,0.2727272727272727,1.0909090909090908,3.75,1.0909090909090908,5.0,5.0,11.0,5.0,3.0,2.0,121.0,2.0
train-ticket-0.0.1,1,ts-travel-plan-service,267.196428571,89.0,89.0,282.0,20.0,213.0,2237.0,216.0,1.3097864145637255,0.4362745098039216,0.4362745098039216,1.3823529411764706,0.09803921568627451,1.0441176470588236,10.965686274509803,1.0588235294117647,8.0,9.0,27.0,8.0,5.0,3.0,729.0,6.0,267.196428571,89.0,89.0,282.0,20.0,213.0,2237.0,216.0,1.3097864145637255,0.4362745098039216,0.4362745098039216,1.3823529411764706,0.09803921568627451,1.0441176470588236,10.965686274509803,1.0588235294117647,8.0,9.0,27.0,8.0,5.0,3.0,729.0,6.0
train-ticket-0.0.1,1,ts-travel-service,351.938128539,101.0,101.0,394.0,108.0,302.0,1381.0,316.0,1.2705347600685921,0.36462093862815886,0.36462093862815886,1.4223826714801444,0.3898916967509025,1.0902527075812274,4.985559566787003,1.1407942238267148,8.0,6.0,29.0,9.0,20.0,6.0,841.0,6.0,351.938128539,101.0,101.0,394.0,108.0,302.0,1381.0,316.0,1.2705347600685921,0.36462093862815886,0.36462093862815886,1.4223826714801444,0.3898916967509025,1.0902527075812274,4.985559566787003,1.1407942238267148,8.0,6.0,29.0,9.0,20.0,6.0,841.0,6.0
train-ticket-0.0.1,1,ts-travel2-service,350.00955711,100.0,100.0,392.0,102.0,298.0,1370.0,312.0,1.2727620258545456,0.36363636363636365,0.36363636363636365,1.4254545454545455,0.3709090909090909,1.0836363636363637,4.9818181818181815,1.1345454545454545,8.0,6.0,29.0,9.0,20.0,6.0,841.0,6.0,350.00955711,100.0,100.0,392.0,102.0,298.0,1370.0,312.0,1.2727620258545456,0.36363636363636365,0.36363636363636365,1.4254545454545455,0.3709090909090909,1.0836363636363637,4.9818181818181815,1.1345454545454545,8.0,6.0,29.0,9.0,20.0,6.0,841.0,6.0
train-ticket-0.0.2,2,ts-admin-basic-info-service,225.0,0.0,0.0,225.0,13.0,107.0,0.0,112.0,2.142857142857143,0.0,0.0,2.142857142857143,0.12380952380952381,1.019047619047619,0.0,1.0666666666666667,5.0,0.0,0.0,5.0,9.0,2.0,0.0,8.0,225.0,0.0,0.0,225.0,13.0,107.0,0.0,112.0,2.142857142857143,0.0,0.0,2.142857142857143,0.12380952380952381,1.019047619047619,0.0,1.0666666666666667,5.0,0.0,0.0,5.0,9.0,2.0,0.0,8.0
train-ticket-0.0.2,2,ts-admin-order-service,46.0,0.0,0.0,46.0,34.0,25.0,0.0,44.0,2.4210526315789473,0.0,0.0,2.4210526315789473,1.7894736842105263,1.3157894736842106,0.0,2.3157894736842106,4.0,0.0,0.0,4.0,22.0,2.0,0.0,18.0,46.0,0.0,0.0,46.0,34.0,25.0,0.0,44.0,2.4210526315789473,0.0,0.0,2.4210526315789473,1.7894736842105263,1.3157894736842106,0.0,2.3157894736842106,4.0,0.0,0.0,4.0,22.0,2.0,0.0,18.0
train-ticket-0.0.2,2,ts-admin-route-service,56.0,0.0,0.0,56.0,1.0,40.0,0.0,39.0,1.435897435897436,0.0,0.0,1.435897435897436,0.02564102564102564,1.0256410256410255,0.0,1.0,3.0,0.0,0.0,3.0,1.0,2.0,0.0,1.0,56.0,0.0,0.0,56.0,1.0,40.0,0.0,39.0,1.435897435897436,0.0,0.0,1.435897435897436,0.02564102564102564,1.0256410256410255,0.0,1.0,3.0,0.0,0.0,3.0,1.0,2.0,0.0,1.0
train-ticket-0.0.2,2,ts-admin-travel-service,129.0,4.0,4.0,133.0,21.0,99.0,8.0,106.0,1.4021739130434783,0.043478260869565216,0.043478260869565216,1.4456521739130435,0.22826086956521738,1.076086956521739,0.08695652173913043,1.1521739130434783,8.0,4.0,2.0,8.0,6.0,3.0,4.0,6.0,129.0,4.0,4.0,133.0,21.0,99.0,8.0,106.0,1.4021739130434783,0.043478260869565216,0.043478260869565216,1.4456521739130435,0.22826086956521738,1.076086956521739,0.08695652173913043,1.1521739130434783,8.0,4.0,2.0,8.0,6.0,3.0,4.0,6.0
train-ticket-0.0.2,2,ts-assurance-service,117.333333333,5.0,5.0,119.0,22.0,72.0,25.0,72.0,1.9234972677540982,0.08196721311475409,0.08196721311475409,1.9508196721311475,0.36065573770491804,1.180327868852459,0.4098360655737705,1.180327868852459,5.0,3.0,5.0,5.0,4.0,3.0,25.0,3.0,117.333333333,5.0,5.0,119.0,22.0,72.0,25.0,72.0,1.9234972677540982,0.08196721311475409,0.08196721311475409,1.9508196721311475,0.36065573770491804,1.180327868852459,0.4098360655737705,1.180327868852459,5.0,3.0,5.0,5.0,4.0,3.0,25.0,3.0
train-ticket-0.0.2,2,ts-cancel-service,137.130532213,41.0,41.0,147.0,81.0,124.0,513.0,151.0,1.2466412019363637,0.37272727272727274,0.37272727272727274,1.3363636363636364,0.7363636363636363,1.1272727272727272,4.663636363636364,1.3727272727272728,4.0,14.0,16.0,4.0,25.0,6.0,256.0,18.0,137.130532213,41.0,41.0,147.0,81.0,124.0,513.0,151.0,1.2466412019363637,0.37272727272727274,0.37272727272727274,1.3363636363636364,0.7363636363636363,1.1272727272727272,4.663636363636364,1.3727272727272728,4.0,14.0,16.0,4.0,25.0,6.0,256.0,18.0
train-ticket-0.0.2,2,ts-config-service,61.0,10.0,10.0,66.0,20.0,39.0,50.0,39.0,1.8484848484848484,0.30303030303030304,0.30303030303030304,2.0,0.6060606060606061,1.1818181818181819,1.5151515151515151,1.1818181818181819,4.0,6.0,5.0,4.0,5.0,2.0,25.0,3.0,61.0,10.0,10.0,66.0,20.0,39.0,50.0,39.0,1.8484848484848484,0.30303030303030304,0.30303030303030304,2.0,0.6060606060606061,1.1818181818181819,1.5151515151515151,1.1818181818181819,4.0,6.0,5.0,4.0,5.0,2.0,25.0,3.0
train-ticket-0.0.2,2,ts-consign-price-service,49.33939394,19.0,19.0,57.0,11.0,35.0,141.0,36.0,1.4951331496969698,0.5757575757575758,0.5757575757575758,1.7272727272727273,0.3333333333333333,1.0606060606060606,4.2727272727272725,1.0909090909090908,4.0,4.0,10.0,4.0,9.0,2.0,100.0,3.0,49.33939394,19.0,19.0,57.0,11.0,35.0,141.0,36.0,1.4951331496969698,0.5757575757575758,0.5757575757575758,1.7272727272727273,0.3333333333333333,1.0606060606060606,4.2727272727272725,1.0909090909090908,4.0,4.0,10.0,4.0,9.0,2.0,100.0,3.0
train-ticket-0.0.2,2,ts-consign-service,71.0,0.0,0.0,71.0,27.0,38.0,0.0,43.0,2.0285714285714285,0.0,0.0,2.0285714285714285,0.7714285714285715,1.0857142857142856,0.0,1.2285714285714286,3.0,0.0,0.0,3.0,10.0,2.0,0.0,3.0,71.0,0.0,0.0,71.0,27.0,38.0,0.0,43.0,2.0285714285714285,0.0,0.0,2.0285714285714285,0.7714285714285715,1.0857142857142856,0.0,1.2285714285714286,3.0,0.0,0.0,3.0,10.0,2.0,0.0,3.0
train-ticket-0.0.2,2,ts-contacts-service,78.636904762,21.0,21.0,89.0,33.0,55.0,115.0,62.0,1.7094979296086956,0.45652173913043476,0.45652173913043476,1.934782608695652,0.717391304347826,1.1956521739130435,2.5,1.3478260869565217,3.0,4.0,7.0,3.0,9.0,2.0,49.0,8.0,78.636904762,21.0,21.0,89.0,33.0,55.0,115.0,62.0,1.7094979296086956,0.45652173913043476,0.45652173913043476,1.934782608695652,0.717391304347826,1.1956521739130435,2.5,1.3478260869565217,3.0,4.0,7.0,3.0,9.0,2.0,49.0,8.0
train-ticket-0.0.2,2,ts-execute-service,73.733333333,20.0,20.0,80.0,56.0,60.0,216.0,83.0,1.4179487179423078,0.38461538461538464,0.38461538461538464,1.5384615384615385,1.0769230769230769,1.1538461538461537,4.153846153846154,1.5961538461538463,4.0,7.0,14.0,4.0,22.0,4.0,196.0,18.0,73.733333333,20.0,20.0,80.0,56.0,60.0,216.0,83.0,1.4179487179423078,0.38461538461538464,0.38461538461538464,1.5384615384615385,1.0769230769230769,1.1538461538461537,4.153846153846154,1.5961538461538463,4.0,7.0,14.0,4.0,22.0,4.0,196.0,18.0
train-ticket-0.0.2,2,ts-food-map-service,94.0,4.0,4.0,98.0,30.0,75.0,8.0,78.0,1.492063492063492,0.06349206349206349,0.06349206349206349,1.5555555555555556,0.47619047619047616,1.1904761904761905,0.12698412698412698,1.2380952380952381,3.0,2.0,2.0,3.0,4.0,4.0,4.0,5.0,94.0,4.0,4.0,98.0,30.0,75.0,8.0,78.0,1.492063492063492,0.06349206349206349,0.06349206349206349,1.5555555555555556,0.47619047619047616,1.1904761904761905,0.12698412698412698,1.2380952380952381,3.0,2.0,2.0,3.0,4.0,4.0,4.0,5.0
train-ticket-0.0.2,2,ts-food-service,122.572727273,21.0,21.0,132.0,52.0,99.0,185.0,109.0,1.4088819226781608,0.2413793103448276,0.2413793103448276,1.5172413793103448,0.5977011494252874,1.1379310344827587,2.1264367816091956,1.2528735632183907,6.0,4.0,10.0,6.0,36.0,5.0,100.0,15.0,122.572727273,21.0,21.0,132.0,52.0,99.0,185.0,109.0,1.4088819226781608,0.2413793103448276,0.2413793103448276,1.5172413793103448,0.5977011494252874,1.1379310344827587,2.1264367816091956,1.2528735632183907,6.0,4.0,10.0,6.0,36.0,5.0,100.0,15.0
train-ticket-0.0.2,2,ts-inside-payment-service,180.766666667,55.0,55.0,197.0,90.0,147.0,633.0,177.0,1.4012919896666667,0.4263565891472868,0.4263565891472868,1.5271317829457365,0.6976744186046512,1.1395348837209303,4.906976744186046,1.372093023255814,4.0,9.0,17.0,4.0,22.0,4.0,289.0,18.0,180.766666667,55.0,55.0,197.0,90.0,147.0,633.0,177.0,1.4012919896666667,0.4263565891472868,0.4263565891472868,1.5271317829457365,0.6976744186046512,1.1395348837209303,4.906976744186046,1.372093023255814,4.0,9.0,17.0,4.0,22.0,4.0,289.0,18.0
train-ticket-0.0.2,2,ts-notification-service,80.15,33.0,33.0,92.0,0.0,72.0,261.0,67.0,1.196268656716418,0.4925373134328358,0.4925373134328358,1.373134328358209,0.0,1.0746268656716418,3.8955223880597014,1.0,3.0,4.0,9.0,3.0,0.0,2.0,81.0,1.0,80.15,33.0,33.0,92.0,0.0,72.0,261.0,67.0,1.196268656716418,0.4925373134328358,0.4925373134328358,1.373134328358209,0.0,1.0746268656716418,3.8955223880597014,1.0,3.0,4.0,9.0,3.0,0.0,2.0,81.0,1.0
train-ticket-0.0.2,2,ts-order-other-service,257.084103641,137.0,137.0,304.0,135.0,209.0,2235.0,241.0,1.4442927170842697,0.7696629213483146,0.7696629213483146,1.7078651685393258,0.7584269662921348,1.1741573033707866,12.5561797752809,1.353932584269663,4.0,12.0,29.0,4.0,24.0,10.0,841.0,18.0,257.084103641,137.0,137.0,304.0,135.0,209.0,2235.0,241.0,1.4442927170842697,0.7696629213483146,0.7696629213483146,1.7078651685393258,0.7584269662921348,1.1741573033707866,12.5561797752809,1.353932584269663,4.0,12.0,29.0,4.0,24.0,10.0,841.0,18.0
train-ticket-0.0.2,2,ts-order-service,261.13767507,136.0,136.0,308.0,138.0,210.0,2222.0,243.0,1.4588696931284917,0.7597765363128491,0.7597765363128491,1.7206703910614525,0.770949720670391,1.1731843575418994,12.41340782122905,1.3575418994413408,4.0,12.0,29.0,4.0,24.0,10.0,841.0,18.0,261.13767507,136.0,136.0,308.0,138.0,210.0,2222.0,243.0,1.4588696931284917,0.7597765363128491,0.7597765363128491,1.7206703910614525,0.770949720670391,1.1731843575418994,12.41340782122905,1.3575418994413408,4.0,12.0,29.0,4.0,24.0,10.0,841.0,18.0
train-ticket-0.0.2,2,ts-payment-service,49.166666667,9.0,9.0,55.0,11.0,39.0,33.0,39.0,1.4047619047714286,0.2571428571428571,0.2571428571428571,1.5714285714285714,0.3142857142857143,1.1142857142857143,0.9428571428571428,1.1142857142857143,3.0,3.0,5.0,3.0,4.0,2.0,25.0,3.0,49.166666667,9.0,9.0,55.0,11.0,39.0,33.0,39.0,1.4047619047714286,0.2571428571428571,0.2571428571428571,1.5714285714285714,0.3142857142857143,1.1142857142857143,0.9428571428571428,1.1142857142857143,3.0,3.0,5.0,3.0,4.0,2.0,25.0,3.0
train-ticket-0.0.2,2,ts-preserve-other-service,311.759523809,92.0,92.0,324.0,87.0,277.0,4992.0,314.0,1.1632818052574625,0.34328358208955223,0.34328358208955223,1.208955223880597,0.3246268656716418,1.0335820895522387,18.62686567164179,1.171641791044776,8.0,6.0,69.0,8.0,40.0,5.0,4761.0,18.0,311.759523809,92.0,92.0,324.0,87.0,277.0,4992.0,314.0,1.1632818052574625,0.34328358208955223,0.34328358208955223,1.208955223880597,0.3246268656716418,1.0335820895522387,18.62686567164179,1.171641791044776,8.0,6.0,69.0,8.0,40.0,5.0,4761.0,18.0
train-ticket-0.0.2,2,ts-preserve-service,318.757762556,95.0,95.0,331.0,92.0,284.0,5415.0,321.0,1.1591191365672726,0.34545454545454546,0.34545454545454546,1.2036363636363636,0.33454545454545453,1.0327272727272727,19.69090909090909,1.1672727272727272,8.0,6.0,72.0,8.0,45.0,5.0,5184.0,18.0,318.757762556,95.0,95.0,331.0,92.0,284.0,5415.0,321.0,1.1591191365672726,0.34545454545454546,0.34545454545454546,1.2036363636363636,0.33454545454545453,1.0327272727272727,19.69090909090909,1.1672727272727272,8.0,6.0,72.0,8.0,45.0,5.0,5184.0,18.0
train-ticket-0.0.2,2,ts-price-service,85.843137254,32.0,32.0,94.0,20.0,56.0,384.0,57.0,1.7519007602857142,0.6530612244897959,0.6530612244897959,1.9183673469387754,0.40816326530612246,1.1428571428571428,7.836734693877551,1.163265306122449,5.0,8.0,16.0,5.0,6.0,3.0,256.0,4.0,85.843137254,32.0,32.0,94.0,20.0,56.0,384.0,57.0,1.7519007602857142,0.6530612244897959,0.6530612244897959,1.9183673469387754,0.40816326530612246,1.1428571428571428,7.836734693877551,1.163265306122449,5.0,8.0,16.0,5.0,6.0,3.0,256.0,4.0
train-ticket-0.0.2,2,ts-rebook-service,242.619246031,90.0,90.0,266.0,127.0,227.0,1564.0,276.0,1.2191921911105528,0.45226130653266333,0.45226130653266333,1.3366834170854272,0.6381909547738693,1.1407035175879396,7.85929648241206,1.3869346733668342,8.0,10.0,26.0,8.0,27.0,10.0,676.0,18.0,242.619246031,90.0,90.0,266.0,127.0,227.0,1564.0,276.0,1.2191921911105528,0.45226130653266333,0.45226130653266333,1.3366834170854272,0.6381909547738693,1.1407035175879396,7.85929648241206,1.3869346733668342,8.0,10.0,26.0,8.0,27.0,10.0,676.0,18.0
train-ticket-0.0.2,2,ts-route-plan-service,158.745476436,73.0,73.0,176.0,88.0,146.0,1305.0,153.0,1.2026172457272726,0.553030303030303,0.553030303030303,1.3333333333333333,0.6666666666666666,1.106060606060606,9.886363636363637,1.1590909090909092,8.0,8.0,26.0,8.0,26.0,4.0,676.0,8.0,158.745476436,73.0,73.0,176.0,88.0,146.0,1305.0,153.0,1.2026172457272726,0.553030303030303,0.553030303030303,1.3333333333333333,0.6666666666666666,1.106060606060606,9.886363636363637,1.1590909090909092,8.0,8.0,26.0,8.0,26.0,4.0,676.0,8.0
train-ticket-0.0.2,2,ts-route-service,74.530769231,17.0,17.0,82.0,39.0,55.0,161.0,61.0,1.5527243589791666,0.3541666666666667,0.3541666666666667,1.7083333333333333,0.8125,1.1458333333333333,3.3541666666666665,1.2708333333333333,4.0,5.0,12.0,4.0,14.0,3.0,144.0,6.0,74.530769231,17.0,17.0,82.0,39.0,55.0,161.0,61.0,1.5527243589791666,0.3541666666666667,0.3541666666666667,1.7083333333333333,0.8125,1.1458333333333333,3.3541666666666665,1.2708333333333333,4.0,5.0,12.0,4.0,14.0,3.0,144.0,6.0
train-ticket-0.0.2,2,ts-seat-service,85.854166667,33.0,33.0,93.0,83.0,73.0,515.0,81.0,1.2814054726417912,0.4925373134328358,0.4925373134328358,1.3880597014925373,1.2388059701492538,1.0895522388059702,7.686567164179104,1.208955223880597,5.0,8.0,17.0,5.0,32.0,3.0,289.0,8.0,85.854166667,33.0,33.0,93.0,83.0,73.0,515.0,81.0,1.2814054726417912,0.4925373134328358,0.4925373134328358,1.3880597014925373,1.2388059701492538,1.0895522388059702,7.686567164179104,1.208955223880597,5.0,8.0,17.0,5.0,32.0,3.0,289.0,8.0
train-ticket-0.0.2,2,ts-security-service,101.333333332,36.0,36.0,119.0,63.0,84.0,302.0,102.0,1.299145299128205,0.46153846153846156,0.46153846153846156,1.5256410256410255,0.8076923076923077,1.0769230769230769,3.871794871794872,1.3076923076923077,3.0,6.0,14.0,4.0,23.0,2.0,196.0,18.0,101.333333332,36.0,36.0,119.0,63.0,84.0,302.0,102.0,1.299145299128205,0.46153846153846156,0.46153846153846156,1.5256410256410255,0.8076923076923077,1.0769230769230769,3.871794871794872,1.3076923076923077,3.0,6.0,14.0,4.0,23.0,2.0,196.0,18.0
train-ticket-0.0.2,2,ts-ticketinfo-service,95.0,0.0,0.0,95.0,3.0,71.0,0.0,73.0,1.3970588235294117,0.0,0.0,1.3970588235294117,0.04411764705882353,1.0441176470588236,0.0,1.0735294117647058,8.0,0.0,0.0,8.0,1.0,3.0,0.0,6.0,95.0,0.0,0.0,95.0,3.0,71.0,0.0,73.0,1.3970588235294117,0.0,0.0,1.3970588235294117,0.04411764705882353,1.0441176470588236,0.0,1.0735294117647058,8.0,0.0,0.0,8.0,1.0,3.0,0.0,6.0
train-ticket-0.0.2,2,ts-train-service,65.857142858,12.0,12.0,71.0,21.0,45.0,72.0,45.0,1.8816326530857144,0.34285714285714286,0.34285714285714286,2.0285714285714285,0.6,1.2857142857142858,2.057142857142857,1.2857142857142858,5.0,4.0,6.0,5.0,4.0,2.0,36.0,3.0,65.857142858,12.0,12.0,71.0,21.0,45.0,72.0,45.0,1.8816326530857144,0.34285714285714286,0.34285714285714286,2.0285714285714285,0.6,1.2857142857142858,2.057142857142857,1.2857142857142858,5.0,4.0,6.0,5.0,4.0,2.0,36.0,3.0
train-ticket-0.0.2,2,ts-travel-plan-service,213.303571429,76.0,76.0,228.0,17.0,170.0,1624.0,172.0,1.324866903285714,0.4720496894409938,0.4720496894409938,1.4161490683229814,0.10559006211180125,1.0559006211180124,10.08695652173913,1.0683229813664596,8.0,9.0,23.0,8.0,5.0,3.0,529.0,6.0,213.303571429,76.0,76.0,228.0,17.0,170.0,1624.0,172.0,1.324866903285714,0.4720496894409938,0.4720496894409938,1.4161490683229814,0.10559006211180125,1.0559006211180124,10.08695652173913,1.0683229813664596,8.0,9.0,23.0,8.0,5.0,3.0,529.0,6.0
train-ticket-0.0.2,2,ts-travel-service,296.489132707,77.0,77.0,329.0,142.0,246.0,1165.0,259.0,1.3355366338153154,0.34684684684684686,0.34684684684684686,1.481981981981982,0.6396396396396397,1.1081081081081081,5.247747747747748,1.1666666666666667,8.0,6.0,28.0,9.0,23.0,6.0,784.0,6.0,296.489132707,77.0,77.0,329.0,142.0,246.0,1165.0,259.0,1.3355366338153154,0.34684684684684686,0.34684684684684686,1.481981981981982,0.6396396396396397,1.1081081081081081,5.247747747747748,1.1666666666666667,8.0,6.0,28.0,9.0,23.0,6.0,784.0,6.0
train-ticket-0.0.2,2,ts-travel2-service,293.145454546,76.0,76.0,323.0,111.0,244.0,1218.0,257.0,1.3324793388454546,0.34545454545454546,0.34545454545454546,1.4681818181818183,0.5045454545454545,1.1090909090909091,5.536363636363636,1.1681818181818182,8.0,6.0,29.0,9.0,25.0,6.0,841.0,6.0,293.145454546,76.0,76.0,323.0,111.0,244.0,1218.0,257.0,1.3324793388454546,0.34545454545454546,0.34545454545454546,1.4681818181818183,0.5045454545454545,1.1090909090909091,5.536363636363636,1.1681818181818182,8.0,6.0,29.0,9.0,25.0,6.0,841.0,6.0
train-ticket-0.0.2,2,ts-verification-code-service,40.333333333,2.0,2.0,45.0,45.0,17.0,4.0,25.0,3.6666666666363636,0.18181818181818182,0.18181818181818182,4.090909090909091,4.090909090909091,1.5454545454545454,0.36363636363636365,2.272727272727273,7.0,2.0,2.0,7.0,20.0,3.0,4.0,7.0,40.333333333,2.0,2.0,45.0,45.0,17.0,4.0,25.0,3.6666666666363636,0.18181818181818182,0.18181818181818182,4.090909090909091,4.090909090909091,1.5454545454545454,0.36363636363636365,2.272727272727273,7.0,2.0,2.0,7.0,20.0,3.0,4.0,7.0
train-ticket-0.0.3,3,ts-admin-basic-info-service,226.0,0.0,0.0,226.0,16.0,108.0,0.0,114.0,2.1320754716981134,0.0,0.0,2.1320754716981134,0.1509433962264151,1.0188679245283019,0.0,1.0754716981132075,5.0,0.0,0.0,5.0,9.0,2.0,0.0,8.0,226.0,0.0,0.0,226.0,16.0,108.0,0.0,114.0,2.1320754716981134,0.0,0.0,2.1320754716981134,0.1509433962264151,1.0188679245283019,0.0,1.0754716981132075,5.0,0.0,0.0,5.0,9.0,2.0,0.0,8.0
train-ticket-0.0.3,3,ts-admin-order-service,47.0,0.0,0.0,47.0,37.0,26.0,0.0,46.0,2.35,0.0,0.0,2.35,1.85,1.3,0.0,2.3,4.0,0.0,0.0,4.0,22.0,2.0,0.0,18.0,47.0,0.0,0.0,47.0,37.0,26.0,0.0,46.0,2.35,0.0,0.0,2.35,1.85,1.3,0.0,2.3,4.0,0.0,0.0,4.0,22.0,2.0,0.0,18.0
train-ticket-0.0.3,3,ts-admin-route-service,56.0,0.0,0.0,56.0,1.0,40.0,0.0,39.0,1.435897435897436,0.0,0.0,1.435897435897436,0.02564102564102564,1.0256410256410255,0.0,1.0,3.0,0.0,0.0,3.0,1.0,2.0,0.0,1.0,56.0,0.0,0.0,56.0,1.0,40.0,0.0,39.0,1.435897435897436,0.0,0.0,1.435897435897436,0.02564102564102564,1.0256410256410255,0.0,1.0,3.0,0.0,0.0,3.0,1.0,2.0,0.0,1.0
train-ticket-0.0.3,3,ts-admin-travel-service,129.0,4.0,4.0,133.0,21.0,99.0,8.0,106.0,1.4021739130434783,0.043478260869565216,0.043478260869565216,1.4456521739130435,0.22826086956521738,1.076086956521739,0.08695652173913043,1.1521739130434783,8.0,4.0,2.0,8.0,6.0,3.0,4.0,6.0,129.0,4.0,4.0,133.0,21.0,99.0,8.0,106.0,1.4021739130434783,0.043478260869565216,0.043478260869565216,1.4456521739130435,0.22826086956521738,1.076086956521739,0.08695652173913043,1.1521739130434783,8.0,4.0,2.0,8.0,6.0,3.0,4.0,6.0
train-ticket-0.0.3,3,ts-assurance-service,117.333333333,5.0,5.0,119.0,20.0,72.0,25.0,72.0,1.9234972677540982,0.08196721311475409,0.08196721311475409,1.9508196721311475,0.32786885245901637,1.180327868852459,0.4098360655737705,1.180327868852459,5.0,3.0,5.0,5.0,4.0,3.0,25.0,3.0,117.333333333,5.0,5.0,119.0,20.0,72.0,25.0,72.0,1.9234972677540982,0.08196721311475409,0.08196721311475409,1.9508196721311475,0.32786885245901637,1.180327868852459,0.4098360655737705,1.180327868852459,5.0,3.0,5.0,5.0,4.0,3.0,25.0,3.0
train-ticket-0.0.3,3,ts-cancel-service,136.130532213,41.0,41.0,146.0,75.0,123.0,513.0,151.0,1.2375502928454547,0.37272727272727274,0.37272727272727274,1.3272727272727274,0.6818181818181818,1.1181818181818182,4.663636363636364,1.3727272727272728,4.0,14.0,16.0,4.0,23.0,6.0,256.0,18.0,136.130532213,41.0,41.0,146.0,75.0,123.0,513.0,151.0,1.2375502928454547,0.37272727272727274,0.37272727272727274,1.3272727272727274,0.6818181818181818,1.1181818181818182,4.663636363636364,1.3727272727272728,4.0,14.0,16.0,4.0,23.0,6.0,256.0,18.0
train-ticket-0.0.3,3,ts-common,37.5,1.0,1.0,38.0,11.0,26.0,1.0,23.0,1.9736842105263157,0.05263157894736842,0.05263157894736842,2.0,0.5789473684210527,1.368421052631579,0.05263157894736842,1.2105263157894737,3.0,1.0,1.0,3.0,5.0,3.0,1.0,3.0,37.5,1.0,1.0,38.0,11.0,26.0,1.0,23.0,1.9736842105263157,0.05263157894736842,0.05263157894736842,2.0,0.5789473684210527,1.368421052631579,0.05263157894736842,1.2105263157894737,3.0,1.0,1.0,3.0,5.0,3.0,1.0,3.0
train-ticket-0.0.3,3,ts-config-service,61.0,10.0,10.0,66.0,19.0,39.0,50.0,39.0,1.8484848484848484,0.30303030303030304,0.30303030303030304,2.0,0.5757575757575758,1.1818181818181819,1.5151515151515151,1.1818181818181819,4.0,6.0,5.0,4.0,5.0,2.0,25.0,3.0,61.0,10.0,10.0,66.0,19.0,39.0,50.0,39.0,1.8484848484848484,0.30303030303030304,0.30303030303030304,2.0,0.5757575757575758,1.1818181818181819,1.5151515151515151,1.1818181818181819,4.0,6.0,5.0,4.0,5.0,2.0,25.0,3.0
train-ticket-0.0.3,3,ts-consign-price-service,49.33939394,19.0,19.0,57.0,11.0,37.0,141.0,36.0,1.4951331496969698,0.5757575757575758,0.5757575757575758,1.7272727272727273,0.3333333333333333,1.121212121212121,4.2727272727272725,1.0909090909090908,4.0,4.0,10.0,4.0,9.0,3.0,100.0,3.0,49.33939394,19.0,19.0,57.0,11.0,37.0,141.0,36.0,1.4951331496969698,0.5757575757575758,0.5757575757575758,1.7272727272727273,0.3333333333333333,1.121212121212121,4.2727272727272725,1.0909090909090908,4.0,4.0,10.0,4.0,9.0,3.0,100.0,3.0
train-ticket-0.0.3,3,ts-consign-service,71.0,0.0,0.0,71.0,22.0,40.0,0.0,42.0,2.0285714285714285,0.0,0.0,2.0285714285714285,0.6285714285714286,1.1428571428571428,0.0,1.2,3.0,0.0,0.0,3.0,7.0,2.0,0.0,3.0,71.0,0.0,0.0,71.0,22.0,40.0,0.0,42.0,2.0285714285714285,0.0,0.0,2.0285714285714285,0.6285714285714286,1.1428571428571428,0.0,1.2,3.0,0.0,0.0,3.0,7.0,2.0,0.0,3.0
train-ticket-0.0.3,3,ts-contacts-service,79.636904762,21.0,21.0,90.0,26.0,55.0,115.0,62.0,1.6944022289787235,0.44680851063829785,0.44680851063829785,1.9148936170212767,0.5531914893617021,1.1702127659574468,2.4468085106382977,1.3191489361702127,3.0,4.0,7.0,3.0,9.0,2.0,49.0,8.0,79.636904762,21.0,21.0,90.0,26.0,55.0,115.0,62.0,1.6944022289787235,0.44680851063829785,0.44680851063829785,1.9148936170212767,0.5531914893617021,1.1702127659574468,2.4468085106382977,1.3191489361702127,3.0,4.0,7.0,3.0,9.0,2.0,49.0,8.0
train-ticket-0.0.3,3,ts-execute-service,72.733333333,20.0,20.0,79.0,57.0,60.0,216.0,84.0,1.3987179487115387,0.38461538461538464,0.38461538461538464,1.5192307692307692,1.0961538461538463,1.1538461538461537,4.153846153846154,1.6153846153846154,4.0,7.0,14.0,4.0,22.0,4.0,196.0,18.0,72.733333333,20.0,20.0,79.0,57.0,60.0,216.0,84.0,1.3987179487115387,0.38461538461538464,0.38461538461538464,1.5192307692307692,1.0961538461538463,1.1538461538461537,4.153846153846154,1.6153846153846154,4.0,7.0,14.0,4.0,22.0,4.0,196.0,18.0
train-ticket-0.0.3,3,ts-food-map-service,94.0,4.0,4.0,98.0,24.0,75.0,8.0,78.0,1.492063492063492,0.06349206349206349,0.06349206349206349,1.5555555555555556,0.38095238095238093,1.1904761904761905,0.12698412698412698,1.2380952380952381,3.0,2.0,2.0,3.0,4.0,4.0,4.0,5.0,94.0,4.0,4.0,98.0,24.0,75.0,8.0,78.0,1.492063492063492,0.06349206349206349,0.06349206349206349,1.5555555555555556,0.38095238095238093,1.1904761904761905,0.12698412698412698,1.2380952380952381,3.0,2.0,2.0,3.0,4.0,4.0,4.0,5.0
train-ticket-0.0.3,3,ts-food-service,113.572727273,20.0,20.0,122.0,43.0,89.0,182.0,99.0,1.4749704840649351,0.2597402597402597,0.2597402597402597,1.5844155844155845,0.5584415584415584,1.155844155844156,2.3636363636363638,1.2857142857142858,6.0,4.0,10.0,6.0,28.0,5.0,100.0,15.0,113.572727273,20.0,20.0,122.0,43.0,89.0,182.0,99.0,1.4749704840649351,0.2597402597402597,0.2597402597402597,1.5844155844155845,0.5584415584415584,1.155844155844156,2.3636363636363638,1.2857142857142858,6.0,4.0,10.0,6.0,28.0,5.0,100.0,15.0
train-ticket-0.0.3,3,ts-inside-payment-service,180.766666667,55.0,55.0,197.0,86.0,150.0,633.0,179.0,1.3905128205153847,0.4230769230769231,0.4230769230769231,1.5153846153846153,0.6615384615384615,1.1538461538461537,4.869230769230769,1.376923076923077,4.0,9.0,17.0,4.0,22.0,4.0,289.0,18.0,180.766666667,55.0,55.0,197.0,86.0,150.0,633.0,179.0,1.3905128205153847,0.4230769230769231,0.4230769230769231,1.5153846153846153,0.6615384615384615,1.1538461538461537,4.869230769230769,1.376923076923077,4.0,9.0,17.0,4.0,22.0,4.0,289.0,18.0
train-ticket-0.0.3,3,ts-notification-service,80.15,33.0,33.0,92.0,0.0,72.0,261.0,67.0,1.196268656716418,0.4925373134328358,0.4925373134328358,1.373134328358209,0.0,1.0746268656716418,3.8955223880597014,1.0,3.0,4.0,9.0,3.0,0.0,2.0,81.0,1.0,80.15,33.0,33.0,92.0,0.0,72.0,261.0,67.0,1.196268656716418,0.4925373134328358,0.4925373134328358,1.373134328358209,0.0,1.0746268656716418,3.8955223880597014,1.0,3.0,4.0,9.0,3.0,0.0,2.0,81.0,1.0
train-ticket-0.0.3,3,ts-order-other-service,256.084103641,137.0,137.0,303.0,110.0,209.0,2235.0,242.0,1.4386747395561799,0.7696629213483146,0.7696629213483146,1.702247191011236,0.6179775280898876,1.1741573033707866,12.5561797752809,1.3595505617977528,4.0,12.0,29.0,4.0,22.0,10.0,841.0,18.0,256.084103641,137.0,137.0,303.0,110.0,209.0,2235.0,242.0,1.4386747395561799,0.7696629213483146,0.7696629213483146,1.702247191011236,0.6179775280898876,1.1741573033707866,12.5561797752809,1.3595505617977528,4.0,12.0,29.0,4.0,22.0,10.0,841.0,18.0
train-ticket-0.0.3,3,ts-order-service,260.13767507,136.0,136.0,307.0,111.0,210.0,2222.0,244.0,1.4532831009497207,0.7597765363128491,0.7597765363128491,1.7150837988826815,0.6201117318435754,1.1731843575418994,12.41340782122905,1.3631284916201116,4.0,12.0,29.0,4.0,22.0,10.0,841.0,18.0,260.13767507,136.0,136.0,307.0,111.0,210.0,2222.0,244.0,1.4532831009497207,0.7597765363128491,0.7597765363128491,1.7150837988826815,0.6201117318435754,1.1731843575418994,12.41340782122905,1.3631284916201116,4.0,12.0,29.0,4.0,22.0,10.0,841.0,18.0
train-ticket-0.0.3,3,ts-payment-service,49.166666667,9.0,9.0,55.0,9.0,39.0,33.0,39.0,1.4047619047714286,0.2571428571428571,0.2571428571428571,1.5714285714285714,0.2571428571428571,1.1142857142857143,0.9428571428571428,1.1142857142857143,3.0,3.0,5.0,3.0,4.0,2.0,25.0,3.0,49.166666667,9.0,9.0,55.0,9.0,39.0,33.0,39.0,1.4047619047714286,0.2571428571428571,0.2571428571428571,1.5714285714285714,0.2571428571428571,1.1142857142857143,0.9428571428571428,1.1142857142857143,3.0,3.0,5.0,3.0,4.0,2.0,25.0,3.0
train-ticket-0.0.3,3,ts-preserve-other-service,304.760784313,90.0,90.0,317.0,80.0,270.0,4720.0,310.0,1.1632091004312977,0.3435114503816794,0.3435114503816794,1.2099236641221374,0.3053435114503817,1.0305343511450382,18.015267175572518,1.183206106870229,8.0,6.0,67.0,8.0,33.0,4.0,4489.0,18.0,304.760784313,90.0,90.0,317.0,80.0,270.0,4720.0,310.0,1.1632091004312977,0.3435114503816794,0.3435114503816794,1.2099236641221374,0.3053435114503817,1.0305343511450382,18.015267175572518,1.183206106870229,8.0,6.0,67.0,8.0,33.0,4.0,4489.0,18.0
train-ticket-0.0.3,3,ts-preserve-service,310.758920187,93.0,93.0,323.0,80.0,276.0,5131.0,316.0,1.159548209652985,0.34701492537313433,0.34701492537313433,1.205223880597015,0.29850746268656714,1.0298507462686568,19.145522388059703,1.1791044776119404,8.0,6.0,70.0,8.0,33.0,4.0,4900.0,18.0,310.758920187,93.0,93.0,323.0,80.0,276.0,5131.0,316.0,1.159548209652985,0.34701492537313433,0.34701492537313433,1.205223880597015,0.29850746268656714,1.0298507462686568,19.145522388059703,1.1791044776119404,8.0,6.0,70.0,8.0,33.0,4.0,4900.0,18.0
train-ticket-0.0.3,3,ts-price-service,85.843137254,32.0,32.0,94.0,15.0,56.0,384.0,57.0,1.7519007602857142,0.6530612244897959,0.6530612244897959,1.9183673469387754,0.30612244897959184,1.1428571428571428,7.836734693877551,1.163265306122449,5.0,8.0,16.0,5.0,6.0,3.0,256.0,4.0,85.843137254,32.0,32.0,94.0,15.0,56.0,384.0,57.0,1.7519007602857142,0.6530612244897959,0.6530612244897959,1.9183673469387754,0.30612244897959184,1.1428571428571428,7.836734693877551,1.163265306122449,5.0,8.0,16.0,5.0,6.0,3.0,256.0,4.0
train-ticket-0.0.3,3,ts-rebook-service,242.619246031,90.0,90.0,266.0,123.0,226.0,1564.0,276.0,1.213096230155,0.45,0.45,1.33,0.615,1.13,7.82,1.38,8.0,10.0,26.0,8.0,28.0,9.0,676.0,18.0,242.619246031,90.0,90.0,266.0,123.0,226.0,1564.0,276.0,1.213096230155,0.45,0.45,1.33,0.615,1.13,7.82,1.38,8.0,10.0,26.0,8.0,28.0,9.0,676.0,18.0
train-ticket-0.0.3,3,ts-route-plan-service,158.745476436,73.0,73.0,176.0,59.0,146.0,1305.0,154.0,1.2026172457272726,0.553030303030303,0.553030303030303,1.3333333333333333,0.44696969696969696,1.106060606060606,9.886363636363637,1.1666666666666667,8.0,8.0,26.0,8.0,22.0,4.0,676.0,9.0,158.745476436,73.0,73.0,176.0,59.0,146.0,1305.0,154.0,1.2026172457272726,0.553030303030303,0.553030303030303,1.3333333333333333,0.44696969696969696,1.106060606060606,9.886363636363637,1.1666666666666667,8.0,8.0,26.0,8.0,22.0,4.0,676.0,9.0
train-ticket-0.0.3,3,ts-route-service,74.530769231,17.0,17.0,82.0,28.0,55.0,161.0,61.0,1.5527243589791666,0.3541666666666667,0.3541666666666667,1.7083333333333333,0.5833333333333334,1.1458333333333333,3.3541666666666665,1.2708333333333333,4.0,5.0,12.0,4.0,12.0,3.0,144.0,6.0,74.530769231,17.0,17.0,82.0,28.0,55.0,161.0,61.0,1.5527243589791666,0.3541666666666667,0.3541666666666667,1.7083333333333333,0.5833333333333334,1.1458333333333333,3.3541666666666665,1.2708333333333333,4.0,5.0,12.0,4.0,12.0,3.0,144.0,6.0
train-ticket-0.0.3,3,ts-seat-service,85.854166667,33.0,33.0,93.0,61.0,73.0,515.0,81.0,1.2814054726417912,0.4925373134328358,0.4925373134328358,1.3880597014925373,0.9104477611940298,1.0895522388059702,7.686567164179104,1.208955223880597,5.0,8.0,17.0,5.0,21.0,3.0,289.0,8.0,85.854166667,33.0,33.0,93.0,61.0,73.0,515.0,81.0,1.2814054726417912,0.4925373134328358,0.4925373134328358,1.3880597014925373,0.9104477611940298,1.0895522388059702,7.686567164179104,1.208955223880597,5.0,8.0,17.0,5.0,21.0,3.0,289.0,8.0
train-ticket-0.0.3,3,ts-security-service,100.333333332,36.0,36.0,118.0,52.0,85.0,302.0,103.0,1.2863247863076923,0.46153846153846156,0.46153846153846156,1.5128205128205128,0.6666666666666666,1.0897435897435896,3.871794871794872,1.3205128205128205,3.0,6.0,14.0,4.0,23.0,2.0,196.0,18.0,100.333333332,36.0,36.0,118.0,52.0,85.0,302.0,103.0,1.2863247863076923,0.46153846153846156,0.46153846153846156,1.5128205128205128,0.6666666666666666,1.0897435897435896,3.871794871794872,1.3205128205128205,3.0,6.0,14.0,4.0,23.0,2.0,196.0,18.0
train-ticket-0.0.3,3,ts-ticketinfo-service,85.0,0.0,0.0,85.0,3.0,61.0,0.0,63.0,1.4655172413793103,0.0,0.0,1.4655172413793103,0.05172413793103448,1.0517241379310345,0.0,1.0862068965517242,8.0,0.0,0.0,8.0,1.0,3.0,0.0,6.0,85.0,0.0,0.0,85.0,3.0,61.0,0.0,63.0,1.4655172413793103,0.0,0.0,1.4655172413793103,0.05172413793103448,1.0517241379310345,0.0,1.0862068965517242,8.0,0.0,0.0,8.0,1.0,3.0,0.0,6.0
train-ticket-0.0.3,3,ts-train-service,65.857142858,12.0,12.0,71.0,20.0,45.0,72.0,45.0,1.8816326530857144,0.34285714285714286,0.34285714285714286,2.0285714285714285,0.5714285714285714,1.2857142857142858,2.057142857142857,1.2857142857142858,5.0,4.0,6.0,5.0,3.0,2.0,36.0,3.0,65.857142858,12.0,12.0,71.0,20.0,45.0,72.0,45.0,1.8816326530857144,0.34285714285714286,0.34285714285714286,2.0285714285714285,0.5714285714285714,1.2857142857142858,2.057142857142857,1.2857142857142858,5.0,4.0,6.0,5.0,3.0,2.0,36.0,3.0
train-ticket-0.0.3,3,ts-travel-plan-service,195.928571428,31.0,31.0,210.0,12.0,152.0,229.0,154.0,1.3701298701258742,0.21678321678321677,0.21678321678321677,1.4685314685314685,0.08391608391608392,1.062937062937063,1.6013986013986015,1.0769230769230769,8.0,9.0,8.0,8.0,3.0,3.0,64.0,6.0,195.928571428,31.0,31.0,210.0,12.0,152.0,229.0,154.0,1.3701298701258742,0.21678321678321677,0.21678321678321677,1.4685314685314685,0.08391608391608392,1.062937062937063,1.6013986013986015,1.0769230769230769,8.0,9.0,8.0,8.0,3.0,3.0,64.0,6.0
train-ticket-0.0.3,3,ts-travel-service,286.570092227,71.0,71.0,319.0,118.0,236.0,865.0,246.0,1.3517457180518866,0.33490566037735847,0.33490566037735847,1.5047169811320755,0.5566037735849056,1.1132075471698113,4.080188679245283,1.1603773584905661,8.0,6.0,22.0,9.0,14.0,5.0,484.0,6.0,286.570092227,71.0,71.0,319.0,118.0,236.0,865.0,246.0,1.3517457180518866,0.33490566037735847,0.33490566037735847,1.5047169811320755,0.5566037735849056,1.1132075471698113,4.080188679245283,1.1603773584905661,8.0,6.0,22.0,9.0,14.0,5.0,484.0,6.0
train-ticket-0.0.3,3,ts-travel2-service,286.178787879,75.0,75.0,316.0,93.0,237.0,1201.0,249.0,1.3435623844084508,0.352112676056338,0.352112676056338,1.483568075117371,0.43661971830985913,1.1126760563380282,5.63849765258216,1.1690140845070423,8.0,7.0,29.0,9.0,17.0,5.0,841.0,6.0,286.178787879,75.0,75.0,316.0,93.0,237.0,1201.0,249.0,1.3435623844084508,0.352112676056338,0.352112676056338,1.483568075117371,0.43661971830985913,1.1126760563380282,5.63849765258216,1.1690140845070423,8.0,7.0,29.0,9.0,17.0,5.0,841.0,6.0
train-ticket-0.0.3,3,ts-verification-code-service,44.333333333,2.0,2.0,49.0,44.0,24.0,4.0,29.0,2.955555555533333,0.13333333333333333,0.13333333333333333,3.2666666666666666,2.933333333333333,1.6,0.26666666666666666,1.9333333333333333,7.0,2.0,2.0,7.0,19.0,3.0,4.0,7.0,44.333333333,2.0,2.0,49.0,44.0,24.0,4.0,29.0,2.955555555533333,0.13333333333333333,0.13333333333333333,3.2666666666666666,2.933333333333333,1.6,0.26666666666666666,1.9333333333333333,7.0,2.0,2.0,7.0,19.0,3.0,4.0,7.0
train-ticket-0.0.4,4,ts-admin-basic-info-service,195.0,0.0,0.0,195.0,19.0,120.0,0.0,126.0,1.652542372881356,0.0,0.0,1.652542372881356,0.16101694915254236,1.0169491525423728,0.0,1.0677966101694916,5.0,0.0,0.0,5.0,9.0,2.0,0.0,8.0,195.0,0.0,0.0,195.0,19.0,120.0,0.0,126.0,1.652542372881356,0.0,0.0,1.652542372881356,0.16101694915254236,1.0169491525423728,0.0,1.0677966101694916,5.0,0.0,0.0,5.0,9.0,2.0,0.0,8.0
train-ticket-0.0.4,4,ts-admin-order-service,48.0,0.0,0.0,48.0,39.0,62.0,0.0,82.0,0.8571428571428571,0.0,0.0,0.8571428571428571,0.6964285714285714,1.1071428571428572,0.0,1.4642857142857142,4.0,0.0,0.0,4.0,22.0,2.0,0.0,18.0,48.0,0.0,0.0,48.0,39.0,62.0,0.0,82.0,0.8571428571428571,0.0,0.0,0.8571428571428571,0.6964285714285714,1.1071428571428572,0.0,1.4642857142857142,4.0,0.0,0.0,4.0,22.0,2.0,0.0,18.0
train-ticket-0.0.4,4,ts-admin-travel-service,69.0,0.0,0.0,69.0,23.0,52.0,0.0,59.0,1.5333333333333334,0.0,0.0,1.5333333333333334,0.5111111111111111,1.1555555555555554,0.0,1.3111111111111111,8.0,0.0,0.0,8.0,6.0,3.0,0.0,6.0,69.0,0.0,0.0,69.0,23.0,52.0,0.0,59.0,1.5333333333333334,0.0,0.0,1.5333333333333334,0.5111111111111111,1.1555555555555554,0.0,1.3111111111111111,8.0,0.0,0.0,8.0,6.0,3.0,0.0,6.0
train-ticket-0.0.4,4,ts-assurance-service,97.0,0.0,0.0,97.0,24.0,77.0,0.0,77.0,1.4696969696969697,0.0,0.0,1.4696969696969697,0.36363636363636365,1.1666666666666667,0.0,1.1666666666666667,5.0,0.0,0.0,5.0,4.0,3.0,0.0,3.0,97.0,0.0,0.0,97.0,24.0,77.0,0.0,77.0,1.4696969696969697,0.0,0.0,1.4696969696969697,0.36363636363636365,1.1666666666666667,0.0,1.1666666666666667,5.0,0.0,0.0,5.0,4.0,3.0,0.0,3.0
train-ticket-0.0.4,4,ts-cancel-service,67.0,0.0,0.0,67.0,85.0,56.0,0.0,84.0,1.558139534883721,0.0,0.0,1.558139534883721,1.9767441860465116,1.302325581395349,0.0,1.9534883720930232,4.0,0.0,0.0,4.0,23.0,6.0,0.0,18.0,67.0,0.0,0.0,67.0,85.0,56.0,0.0,84.0,1.558139534883721,0.0,0.0,1.558139534883721,1.9767441860465116,1.302325581395349,0.0,1.9534883720930232,4.0,0.0,0.0,4.0,23.0,6.0,0.0,18.0
train-ticket-0.0.4,4,ts-common,37.5,1.0,1.0,38.0,11.0,26.0,1.0,23.0,1.9736842105263157,0.05263157894736842,0.05263157894736842,2.0,0.5789473684210527,1.368421052631579,0.05263157894736842,1.2105263157894737,3.0,1.0,1.0,3.0,5.0,3.0,1.0,3.0,37.5,1.0,1.0,38.0,11.0,26.0,1.0,23.0,1.9736842105263157,0.05263157894736842,0.05263157894736842,2.0,0.5789473684210527,1.368421052631579,0.05263157894736842,1.2105263157894737,3.0,1.0,1.0,3.0,5.0,3.0,1.0,3.0
train-ticket-0.0.4,4,ts-config-service,60.0,0.0,0.0,60.0,19.0,51.0,0.0,51.0,1.3333333333333333,0.0,0.0,1.3333333333333333,0.4222222222222222,1.1333333333333333,0.0,1.1333333333333333,4.0,0.0,0.0,4.0,5.0,2.0,0.0,3.0,60.0,0.0,0.0,60.0,19.0,51.0,0.0,51.0,1.3333333333333333,0.0,0.0,1.3333333333333333,0.4222222222222222,1.1333333333333333,0.0,1.1333333333333333,4.0,0.0,0.0,4.0,5.0,2.0,0.0,3.0
train-ticket-0.0.4,4,ts-consign-price-service,45.0,0.0,0.0,45.0,11.0,39.0,0.0,38.0,1.2857142857142858,0.0,0.0,1.2857142857142858,0.3142857142857143,1.1142857142857143,0.0,1.0857142857142856,4.0,0.0,0.0,4.0,9.0,3.0,0.0,3.0,45.0,0.0,0.0,45.0,11.0,39.0,0.0,38.0,1.2857142857142858,0.0,0.0,1.2857142857142858,0.3142857142857143,1.1142857142857143,0.0,1.0857142857142856,4.0,0.0,0.0,4.0,9.0,3.0,0.0,3.0
train-ticket-0.0.4,4,ts-consign-service,64.0,0.0,0.0,64.0,30.0,50.0,0.0,52.0,1.4222222222222223,0.0,0.0,1.4222222222222223,0.6666666666666666,1.1111111111111112,0.0,1.1555555555555554,3.0,0.0,0.0,3.0,7.0,2.0,0.0,3.0,64.0,0.0,0.0,64.0,30.0,50.0,0.0,52.0,1.4222222222222223,0.0,0.0,1.4222222222222223,0.6666666666666666,1.1111111111111112,0.0,1.1555555555555554,3.0,0.0,0.0,3.0,7.0,2.0,0.0,3.0
train-ticket-0.0.4,4,ts-contacts-service,78.0,0.0,0.0,78.0,29.0,66.0,0.0,73.0,1.3448275862068966,0.0,0.0,1.3448275862068966,0.5,1.1379310344827587,0.0,1.2586206896551724,3.0,0.0,0.0,3.0,9.0,2.0,0.0,8.0,78.0,0.0,0.0,78.0,29.0,66.0,0.0,73.0,1.3448275862068966,0.0,0.0,1.3448275862068966,0.5,1.1379310344827587,0.0,1.2586206896551724,3.0,0.0,0.0,3.0,9.0,2.0,0.0,8.0
train-ticket-0.0.4,4,ts-execute-service,48.0,0.0,0.0,48.0,75.0,38.0,0.0,62.0,1.6,0.0,0.0,1.6,2.5,1.2666666666666666,0.0,2.066666666666667,4.0,0.0,0.0,4.0,22.0,4.0,0.0,18.0,48.0,0.0,0.0,48.0,75.0,38.0,0.0,62.0,1.6,0.0,0.0,1.6,2.5,1.2666666666666666,0.0,2.066666666666667,4.0,0.0,0.0,4.0,22.0,4.0,0.0,18.0
train-ticket-0.0.4,4,ts-food-map-service,74.0,0.0,0.0,74.0,24.0,75.0,0.0,78.0,1.1746031746031746,0.0,0.0,1.1746031746031746,0.38095238095238093,1.1904761904761905,0.0,1.2380952380952381,3.0,0.0,0.0,3.0,4.0,4.0,0.0,5.0,74.0,0.0,0.0,74.0,24.0,75.0,0.0,78.0,1.1746031746031746,0.0,0.0,1.1746031746031746,0.38095238095238093,1.1904761904761905,0.0,1.2380952380952381,3.0,0.0,0.0,3.0,4.0,4.0,0.0,5.0
train-ticket-0.0.4,4,ts-food-service,86.0,0.0,0.0,86.0,43.0,48.0,0.0,58.0,2.388888888888889,0.0,0.0,2.388888888888889,1.1944444444444444,1.3333333333333333,0.0,1.6111111111111112,6.0,0.0,0.0,6.0,28.0,5.0,0.0,15.0,86.0,0.0,0.0,86.0,43.0,48.0,0.0,58.0,2.388888888888889,0.0,0.0,2.388888888888889,1.1944444444444444,1.3333333333333333,0.0,1.6111111111111112,6.0,0.0,0.0,6.0,28.0,5.0,0.0,15.0
train-ticket-0.0.4,4,ts-inside-payment-service,126.0,0.0,0.0,126.0,89.0,105.0,0.0,134.0,1.4823529411764707,0.0,0.0,1.4823529411764707,1.0470588235294118,1.2352941176470589,0.0,1.576470588235294,4.0,0.0,0.0,4.0,22.0,4.0,0.0,18.0,126.0,0.0,0.0,126.0,89.0,105.0,0.0,134.0,1.4823529411764707,0.0,0.0,1.4823529411764707,1.0470588235294118,1.2352941176470589,0.0,1.576470588235294,4.0,0.0,0.0,4.0,22.0,4.0,0.0,18.0
train-ticket-0.0.4,4,ts-notification-service,53.0,0.0,0.0,53.0,0.0,48.0,0.0,43.0,1.2325581395348837,0.0,0.0,1.2325581395348837,0.0,1.1162790697674418,0.0,1.0,3.0,0.0,0.0,3.0,0.0,2.0,0.0,1.0,53.0,0.0,0.0,53.0,0.0,48.0,0.0,43.0,1.2325581395348837,0.0,0.0,1.2325581395348837,0.0,1.1162790697674418,0.0,1.0,3.0,0.0,0.0,3.0,0.0,2.0,0.0,1.0
train-ticket-0.0.4,4,ts-order-other-service,210.071428571,7.0,7.0,215.0,114.0,172.0,37.0,205.0,1.4898682877375888,0.04964539007092199,0.04964539007092199,1.524822695035461,0.8085106382978723,1.2198581560283688,0.2624113475177305,1.4539007092198581,4.0,2.0,6.0,4.0,22.0,10.0,36.0,18.0,210.071428571,7.0,7.0,215.0,114.0,172.0,37.0,205.0,1.4898682877375888,0.04964539007092199,0.04964539007092199,1.524822695035461,0.8085106382978723,1.2198581560283688,0.2624113475177305,1.4539007092198581,4.0,2.0,6.0,4.0,22.0,10.0,36.0,18.0
train-ticket-0.0.4,4,ts-order-service,216.833333333,16.0,16.0,226.0,115.0,180.0,130.0,214.0,1.4552572706912752,0.10738255033557047,0.10738255033557047,1.516778523489933,0.7718120805369127,1.2080536912751678,0.87248322147651,1.436241610738255,4.0,4.0,11.0,4.0,22.0,10.0,121.0,18.0,216.833333333,16.0,16.0,226.0,115.0,180.0,130.0,214.0,1.4552572706912752,0.10738255033557047,0.10738255033557047,1.516778523489933,0.7718120805369127,1.2080536912751678,0.87248322147651,1.436241610738255,4.0,4.0,11.0,4.0,22.0,10.0,121.0,18.0
train-ticket-0.0.4,4,ts-payment-service,43.0,0.0,0.0,43.0,9.0,40.0,0.0,40.0,1.1944444444444444,0.0,0.0,1.1944444444444444,0.25,1.1111111111111112,0.0,1.1111111111111112,3.0,0.0,0.0,3.0,4.0,2.0,0.0,3.0,43.0,0.0,0.0,43.0,9.0,40.0,0.0,40.0,1.1944444444444444,0.0,0.0,1.1944444444444444,0.25,1.1111111111111112,0.0,1.1111111111111112,3.0,0.0,0.0,3.0,4.0,2.0,0.0,3.0
train-ticket-0.0.4,4,ts-preserve-other-service,106.0,0.0,0.0,106.0,80.0,65.0,0.0,105.0,1.8596491228070176,0.0,0.0,1.8596491228070176,1.4035087719298245,1.1403508771929824,0.0,1.8421052631578947,8.0,0.0,0.0,8.0,33.0,4.0,0.0,18.0,106.0,0.0,0.0,106.0,80.0,65.0,0.0,105.0,1.8596491228070176,0.0,0.0,1.8596491228070176,1.4035087719298245,1.1403508771929824,0.0,1.8421052631578947,8.0,0.0,0.0,8.0,33.0,4.0,0.0,18.0
train-ticket-0.0.4,4,ts-preserve-service,103.0,0.0,0.0,103.0,80.0,64.0,0.0,104.0,1.8392857142857142,0.0,0.0,1.8392857142857142,1.4285714285714286,1.1428571428571428,0.0,1.8571428571428572,8.0,0.0,0.0,8.0,33.0,4.0,0.0,18.0,103.0,0.0,0.0,103.0,80.0,64.0,0.0,104.0,1.8392857142857142,0.0,0.0,1.8392857142857142,1.4285714285714286,1.1428571428571428,0.0,1.8571428571428572,8.0,0.0,0.0,8.0,33.0,4.0,0.0,18.0
train-ticket-0.0.4,4,ts-price-service,76.0,0.0,0.0,76.0,14.0,57.0,0.0,58.0,1.52,0.0,0.0,1.52,0.28,1.14,0.0,1.16,5.0,0.0,0.0,5.0,6.0,3.0,0.0,4.0,76.0,0.0,0.0,76.0,14.0,57.0,0.0,58.0,1.52,0.0,0.0,1.52,0.28,1.14,0.0,1.16,5.0,0.0,0.0,5.0,6.0,3.0,0.0,4.0
train-ticket-0.0.4,4,ts-rebook-service,113.0,0.0,0.0,113.0,123.0,81.0,0.0,131.0,2.0545454545454547,0.0,0.0,2.0545454545454547,2.2363636363636363,1.4727272727272727,0.0,2.381818181818182,8.0,0.0,0.0,8.0,28.0,9.0,0.0,18.0,113.0,0.0,0.0,113.0,123.0,81.0,0.0,131.0,2.0545454545454547,0.0,0.0,2.0545454545454547,2.2363636363636363,1.4727272727272727,0.0,2.381818181818182,8.0,0.0,0.0,8.0,28.0,9.0,0.0,18.0
train-ticket-0.0.4,4,ts-route-plan-service,79.0,0.0,0.0,79.0,59.0,58.0,0.0,66.0,1.7954545454545454,0.0,0.0,1.7954545454545454,1.3409090909090908,1.3181818181818181,0.0,1.5,8.0,0.0,0.0,8.0,22.0,4.0,0.0,9.0,79.0,0.0,0.0,79.0,59.0,58.0,0.0,66.0,1.7954545454545454,0.0,0.0,1.7954545454545454,1.3409090909090908,1.3181818181818181,0.0,1.5,8.0,0.0,0.0,8.0,22.0,4.0,0.0,9.0
train-ticket-0.0.4,4,ts-route-service,62.0,0.0,0.0,62.0,26.0,54.0,0.0,60.0,1.3191489361702127,0.0,0.0,1.3191489361702127,0.5531914893617021,1.148936170212766,0.0,1.2765957446808511,4.0,0.0,0.0,4.0,12.0,3.0,0.0,6.0,62.0,0.0,0.0,62.0,26.0,54.0,0.0,60.0,1.3191489361702127,0.0,0.0,1.3191489361702127,0.5531914893617021,1.148936170212766,0.0,1.2765957446808511,4.0,0.0,0.0,4.0,12.0,3.0,0.0,6.0
train-ticket-0.0.4,4,ts-seat-service,50.5,1.0,1.0,52.0,61.0,41.0,1.0,49.0,1.4428571428571428,0.02857142857142857,0.02857142857142857,1.4857142857142858,1.7428571428571429,1.1714285714285715,0.02857142857142857,1.4,5.0,1.0,1.0,5.0,21.0,3.0,1.0,8.0,50.5,1.0,1.0,52.0,61.0,41.0,1.0,49.0,1.4428571428571428,0.02857142857142857,0.02857142857142857,1.4857142857142858,1.7428571428571429,1.1714285714285715,0.02857142857142857,1.4,5.0,1.0,1.0,5.0,21.0,3.0,1.0,8.0
train-ticket-0.0.4,4,ts-security-service,77.0,0.0,0.0,77.0,52.0,59.0,0.0,77.0,1.4807692307692308,0.0,0.0,1.4807692307692308,1.0,1.1346153846153846,0.0,1.4807692307692308,4.0,0.0,0.0,4.0,23.0,2.0,0.0,18.0,77.0,0.0,0.0,77.0,52.0,59.0,0.0,77.0,1.4807692307692308,0.0,0.0,1.4807692307692308,1.0,1.1346153846153846,0.0,1.4807692307692308,4.0,0.0,0.0,4.0,23.0,2.0,0.0,18.0
train-ticket-0.0.4,4,ts-ticketinfo-service,50.0,0.0,0.0,50.0,3.0,33.0,0.0,35.0,1.6666666666666667,0.0,0.0,1.6666666666666667,0.1,1.1,0.0,1.1666666666666667,8.0,0.0,0.0,8.0,1.0,3.0,0.0,6.0,50.0,0.0,0.0,50.0,3.0,33.0,0.0,35.0,1.6666666666666667,0.0,0.0,1.6666666666666667,0.1,1.1,0.0,1.1666666666666667,8.0,0.0,0.0,8.0,1.0,3.0,0.0,6.0
train-ticket-0.0.4,4,ts-train-service,63.0,0.0,0.0,63.0,21.0,59.0,0.0,59.0,1.2857142857142858,0.0,0.0,1.2857142857142858,0.42857142857142855,1.2040816326530612,0.0,1.2040816326530612,5.0,0.0,0.0,5.0,3.0,2.0,0.0,3.0,63.0,0.0,0.0,63.0,21.0,59.0,0.0,59.0,1.2857142857142858,0.0,0.0,1.2857142857142858,0.42857142857142855,1.2040816326530612,0.0,1.2040816326530612,5.0,0.0,0.0,5.0,3.0,2.0,0.0,3.0
train-ticket-0.0.4,4,ts-travel-plan-service,111.0,0.0,0.0,111.0,12.0,64.0,0.0,66.0,2.018181818181818,0.0,0.0,2.018181818181818,0.21818181818181817,1.1636363636363636,0.0,1.2,8.0,0.0,0.0,8.0,3.0,3.0,0.0,6.0,111.0,0.0,0.0,111.0,12.0,64.0,0.0,66.0,2.018181818181818,0.0,0.0,2.018181818181818,0.21818181818181817,1.1636363636363636,0.0,1.2,8.0,0.0,0.0,8.0,3.0,3.0,0.0,6.0
train-ticket-0.0.4,4,ts-travel-service,174.0,4.0,4.0,182.0,119.0,133.0,4.0,143.0,1.5963302752293578,0.03669724770642202,0.03669724770642202,1.6697247706422018,1.091743119266055,1.2201834862385321,0.03669724770642202,1.311926605504587,9.0,2.0,1.0,9.0,14.0,5.0,1.0,6.0,174.0,4.0,4.0,182.0,119.0,133.0,4.0,143.0,1.5963302752293578,0.03669724770642202,0.03669724770642202,1.6697247706422018,1.091743119266055,1.2201834862385321,0.03669724770642202,1.311926605504587,9.0,2.0,1.0,9.0,14.0,5.0,1.0,6.0
train-ticket-0.0.4,4,ts-travel2-service,172.0,2.0,2.0,175.0,94.0,130.0,2.0,142.0,1.6226415094339623,0.018867924528301886,0.018867924528301886,1.650943396226415,0.8867924528301887,1.2264150943396226,0.018867924528301886,1.3396226415094339,9.0,2.0,1.0,9.0,17.0,5.0,1.0,6.0,172.0,2.0,2.0,175.0,94.0,130.0,2.0,142.0,1.6226415094339623,0.018867924528301886,0.018867924528301886,1.650943396226415,0.8867924528301887,1.2264150943396226,0.018867924528301886,1.3396226415094339,9.0,2.0,1.0,9.0,17.0,5.0,1.0,6.0
train-ticket-0.0.4,4,ts-verification-code-service,44.333333333,2.0,2.0,49.0,44.0,29.0,4.0,34.0,2.21666666665,0.1,0.1,2.45,2.2,1.45,0.2,1.7,7.0,2.0,2.0,7.0,19.0,3.0,4.0,7.0,44.333333333,2.0,2.0,49.0,44.0,29.0,4.0,34.0,2.21666666665,0.1,0.1,2.45,2.2,1.45,0.2,1.7,7.0,2.0,2.0,7.0,19.0,3.0,4.0,7.0
train-ticket-0.1.0,5,ts-admin-basic-info-service,194.0,0.0,0.0,194.0,19.0,119.0,0.0,125.0,1.6581196581196582,0.0,0.0,1.6581196581196582,0.1623931623931624,1.017094017094017,0.0,1.0683760683760684,5.0,0.0,0.0,5.0,9.0,2.0,0.0,8.0,194.0,0.0,0.0,194.0,19.0,119.0,0.0,125.0,1.6581196581196582,0.0,0.0,1.6581196581196582,0.1623931623931624,1.017094017094017,0.0,1.0683760683760684,5.0,0.0,0.0,5.0,9.0,2.0,0.0,8.0
train-ticket-0.1.0,5,ts-admin-order-service,47.0,0.0,0.0,47.0,39.0,61.0,0.0,81.0,0.8545454545454545,0.0,0.0,0.8545454545454545,0.7090909090909091,1.1090909090909091,0.0,1.4727272727272727,4.0,0.0,0.0,4.0,22.0,2.0,0.0,18.0,47.0,0.0,0.0,47.0,39.0,61.0,0.0,81.0,0.8545454545454545,0.0,0.0,0.8545454545454545,0.7090909090909091,1.1090909090909091,0.0,1.4727272727272727,4.0,0.0,0.0,4.0,22.0,2.0,0.0,18.0
train-ticket-0.1.0,5,ts-admin-travel-service,68.0,0.0,0.0,68.0,23.0,51.0,0.0,58.0,1.5454545454545454,0.0,0.0,1.5454545454545454,0.5227272727272727,1.1590909090909092,0.0,1.3181818181818181,8.0,0.0,0.0,8.0,6.0,3.0,0.0,6.0,68.0,0.0,0.0,68.0,23.0,51.0,0.0,58.0,1.5454545454545454,0.0,0.0,1.5454545454545454,0.5227272727272727,1.1590909090909092,0.0,1.3181818181818181,8.0,0.0,0.0,8.0,6.0,3.0,0.0,6.0
train-ticket-0.1.0,5,ts-assurance-service,97.0,0.0,0.0,97.0,24.0,77.0,0.0,77.0,1.4696969696969697,0.0,0.0,1.4696969696969697,0.36363636363636365,1.1666666666666667,0.0,1.1666666666666667,5.0,0.0,0.0,5.0,4.0,3.0,0.0,3.0,97.0,0.0,0.0,97.0,24.0,77.0,0.0,77.0,1.4696969696969697,0.0,0.0,1.4696969696969697,0.36363636363636365,1.1666666666666667,0.0,1.1666666666666667,5.0,0.0,0.0,5.0,4.0,3.0,0.0,3.0
train-ticket-0.1.0,5,ts-cancel-service,66.0,0.0,0.0,66.0,85.0,55.0,0.0,83.0,1.5714285714285714,0.0,0.0,1.5714285714285714,2.0238095238095237,1.3095238095238095,0.0,1.9761904761904763,4.0,0.0,0.0,4.0,23.0,6.0,0.0,18.0,66.0,0.0,0.0,66.0,85.0,55.0,0.0,83.0,1.5714285714285714,0.0,0.0,1.5714285714285714,2.0238095238095237,1.3095238095238095,0.0,1.9761904761904763,4.0,0.0,0.0,4.0,23.0,6.0,0.0,18.0
train-ticket-0.1.0,5,ts-common,37.5,1.0,1.0,38.0,11.0,26.0,1.0,23.0,1.9736842105263157,0.05263157894736842,0.05263157894736842,2.0,0.5789473684210527,1.368421052631579,0.05263157894736842,1.2105263157894737,3.0,1.0,1.0,3.0,5.0,3.0,1.0,3.0,37.5,1.0,1.0,38.0,11.0,26.0,1.0,23.0,1.9736842105263157,0.05263157894736842,0.05263157894736842,2.0,0.5789473684210527,1.368421052631579,0.05263157894736842,1.2105263157894737,3.0,1.0,1.0,3.0,5.0,3.0,1.0,3.0
train-ticket-0.1.0,5,ts-config-service,60.0,0.0,0.0,60.0,19.0,51.0,0.0,51.0,1.3333333333333333,0.0,0.0,1.3333333333333333,0.4222222222222222,1.1333333333333333,0.0,1.1333333333333333,4.0,0.0,0.0,4.0,5.0,2.0,0.0,3.0,60.0,0.0,0.0,60.0,19.0,51.0,0.0,51.0,1.3333333333333333,0.0,0.0,1.3333333333333333,0.4222222222222222,1.1333333333333333,0.0,1.1333333333333333,4.0,0.0,0.0,4.0,5.0,2.0,0.0,3.0
train-ticket-0.1.0,5,ts-consign-price-service,45.0,0.0,0.0,45.0,11.0,39.0,0.0,38.0,1.2857142857142858,0.0,0.0,1.2857142857142858,0.3142857142857143,1.1142857142857143,0.0,1.0857142857142856,4.0,0.0,0.0,4.0,9.0,3.0,0.0,3.0,45.0,0.0,0.0,45.0,11.0,39.0,0.0,38.0,1.2857142857142858,0.0,0.0,1.2857142857142858,0.3142857142857143,1.1142857142857143,0.0,1.0857142857142856,4.0,0.0,0.0,4.0,9.0,3.0,0.0,3.0
train-ticket-0.1.0,5,ts-consign-service,63.0,0.0,0.0,63.0,30.0,49.0,0.0,51.0,1.4318181818181819,0.0,0.0,1.4318181818181819,0.6818181818181818,1.1136363636363635,0.0,1.1590909090909092,3.0,0.0,0.0,3.0,7.0,2.0,0.0,3.0,63.0,0.0,0.0,63.0,30.0,49.0,0.0,51.0,1.4318181818181819,0.0,0.0,1.4318181818181819,0.6818181818181818,1.1136363636363635,0.0,1.1590909090909092,3.0,0.0,0.0,3.0,7.0,2.0,0.0,3.0
train-ticket-0.1.0,5,ts-contacts-service,78.0,0.0,0.0,78.0,29.0,66.0,0.0,73.0,1.3448275862068966,0.0,0.0,1.3448275862068966,0.5,1.1379310344827587,0.0,1.2586206896551724,3.0,0.0,0.0,3.0,9.0,2.0,0.0,8.0,78.0,0.0,0.0,78.0,29.0,66.0,0.0,73.0,1.3448275862068966,0.0,0.0,1.3448275862068966,0.5,1.1379310344827587,0.0,1.2586206896551724,3.0,0.0,0.0,3.0,9.0,2.0,0.0,8.0
train-ticket-0.1.0,5,ts-execute-service,47.0,0.0,0.0,47.0,75.0,37.0,0.0,61.0,1.6206896551724137,0.0,0.0,1.6206896551724137,2.586206896551724,1.2758620689655173,0.0,2.103448275862069,4.0,0.0,0.0,4.0,22.0,4.0,0.0,18.0,47.0,0.0,0.0,47.0,75.0,37.0,0.0,61.0,1.6206896551724137,0.0,0.0,1.6206896551724137,2.586206896551724,1.2758620689655173,0.0,2.103448275862069,4.0,0.0,0.0,4.0,22.0,4.0,0.0,18.0
train-ticket-0.1.0,5,ts-food-map-service,74.0,0.0,0.0,74.0,24.0,75.0,0.0,78.0,1.1746031746031746,0.0,0.0,1.1746031746031746,0.38095238095238093,1.1904761904761905,0.0,1.2380952380952381,3.0,0.0,0.0,3.0,4.0,4.0,0.0,5.0,74.0,0.0,0.0,74.0,24.0,75.0,0.0,78.0,1.1746031746031746,0.0,0.0,1.1746031746031746,0.38095238095238093,1.1904761904761905,0.0,1.2380952380952381,3.0,0.0,0.0,3.0,4.0,4.0,0.0,5.0
train-ticket-0.1.0,5,ts-food-service,80.0,0.0,0.0,80.0,43.0,47.0,0.0,57.0,2.2857142857142856,0.0,0.0,2.2857142857142856,1.2285714285714286,1.3428571428571427,0.0,1.6285714285714286,6.0,0.0,0.0,6.0,28.0,5.0,0.0,15.0,80.0,0.0,0.0,80.0,43.0,47.0,0.0,57.0,2.2857142857142856,0.0,0.0,2.2857142857142856,1.2285714285714286,1.3428571428571427,0.0,1.6285714285714286,6.0,0.0,0.0,6.0,28.0,5.0,0.0,15.0
train-ticket-0.1.0,5,ts-inside-payment-service,125.0,0.0,0.0,125.0,89.0,104.0,0.0,133.0,1.4880952380952381,0.0,0.0,1.4880952380952381,1.0595238095238095,1.2380952380952381,0.0,1.5833333333333333,4.0,0.0,0.0,4.0,22.0,4.0,0.0,18.0,125.0,0.0,0.0,125.0,89.0,104.0,0.0,133.0,1.4880952380952381,0.0,0.0,1.4880952380952381,1.0595238095238095,1.2380952380952381,0.0,1.5833333333333333,4.0,0.0,0.0,4.0,22.0,4.0,0.0,18.0
train-ticket-0.1.0,5,ts-notification-service,53.0,0.0,0.0,53.0,0.0,48.0,0.0,43.0,1.2325581395348837,0.0,0.0,1.2325581395348837,0.0,1.1162790697674418,0.0,1.0,3.0,0.0,0.0,3.0,0.0,2.0,0.0,1.0,53.0,0.0,0.0,53.0,0.0,48.0,0.0,43.0,1.2325581395348837,0.0,0.0,1.2325581395348837,0.0,1.1162790697674418,0.0,1.0,3.0,0.0,0.0,3.0,0.0,2.0,0.0,1.0
train-ticket-0.1.0,5,ts-order-other-service,207.071428571,7.0,7.0,212.0,114.0,171.0,37.0,204.0,1.47908163265,0.05,0.05,1.5142857142857142,0.8142857142857143,1.2214285714285715,0.2642857142857143,1.457142857142857,4.0,2.0,6.0,4.0,22.0,10.0,36.0,18.0,207.071428571,7.0,7.0,212.0,114.0,171.0,37.0,204.0,1.47908163265,0.05,0.05,1.5142857142857142,0.8142857142857143,1.2214285714285715,0.2642857142857143,1.457142857142857,4.0,2.0,6.0,4.0,22.0,10.0,36.0,18.0
train-ticket-0.1.0,5,ts-order-service,213.833333333,16.0,16.0,223.0,115.0,179.0,130.0,213.0,1.4448198198175677,0.10810810810810811,0.10810810810810811,1.5067567567567568,0.777027027027027,1.2094594594594594,0.8783783783783784,1.4391891891891893,4.0,4.0,11.0,4.0,22.0,10.0,121.0,18.0,213.833333333,16.0,16.0,223.0,115.0,179.0,130.0,213.0,1.4448198198175677,0.10810810810810811,0.10810810810810811,1.5067567567567568,0.777027027027027,1.2094594594594594,0.8783783783783784,1.4391891891891893,4.0,4.0,11.0,4.0,22.0,10.0,121.0,18.0
train-ticket-0.1.0,5,ts-payment-service,43.0,0.0,0.0,43.0,9.0,40.0,0.0,40.0,1.1944444444444444,0.0,0.0,1.1944444444444444,0.25,1.1111111111111112,0.0,1.1111111111111112,3.0,0.0,0.0,3.0,4.0,2.0,0.0,3.0,43.0,0.0,0.0,43.0,9.0,40.0,0.0,40.0,1.1944444444444444,0.0,0.0,1.1944444444444444,0.25,1.1111111111111112,0.0,1.1111111111111112,3.0,0.0,0.0,3.0,4.0,2.0,0.0,3.0
train-ticket-0.1.0,5,ts-preserve-other-service,103.0,0.0,0.0,103.0,80.0,64.0,0.0,104.0,1.8392857142857142,0.0,0.0,1.8392857142857142,1.4285714285714286,1.1428571428571428,0.0,1.8571428571428572,8.0,0.0,0.0,8.0,33.0,4.0,0.0,18.0,103.0,0.0,0.0,103.0,80.0,64.0,0.0,104.0,1.8392857142857142,0.0,0.0,1.8392857142857142,1.4285714285714286,1.1428571428571428,0.0,1.8571428571428572,8.0,0.0,0.0,8.0,33.0,4.0,0.0,18.0
train-ticket-0.1.0,5,ts-preserve-service,100.0,0.0,0.0,100.0,80.0,63.0,0.0,103.0,1.8181818181818181,0.0,0.0,1.8181818181818181,1.4545454545454546,1.1454545454545455,0.0,1.8727272727272728,8.0,0.0,0.0,8.0,33.0,4.0,0.0,18.0,100.0,0.0,0.0,100.0,80.0,63.0,0.0,103.0,1.8181818181818181,0.0,0.0,1.8181818181818181,1.4545454545454546,1.1454545454545455,0.0,1.8727272727272728,8.0,0.0,0.0,8.0,33.0,4.0,0.0,18.0
train-ticket-0.1.0,5,ts-price-service,76.0,0.0,0.0,76.0,14.0,57.0,0.0,58.0,1.52,0.0,0.0,1.52,0.28,1.14,0.0,1.16,5.0,0.0,0.0,5.0,6.0,3.0,0.0,4.0,76.0,0.0,0.0,76.0,14.0,57.0,0.0,58.0,1.52,0.0,0.0,1.52,0.28,1.14,0.0,1.16,5.0,0.0,0.0,5.0,6.0,3.0,0.0,4.0
train-ticket-0.1.0,5,ts-rebook-service,112.0,0.0,0.0,112.0,123.0,80.0,0.0,130.0,2.074074074074074,0.0,0.0,2.074074074074074,2.2777777777777777,1.4814814814814814,0.0,2.4074074074074074,8.0,0.0,0.0,8.0,28.0,9.0,0.0,18.0,112.0,0.0,0.0,112.0,123.0,80.0,0.0,130.0,2.074074074074074,0.0,0.0,2.074074074074074,2.2777777777777777,1.4814814814814814,0.0,2.4074074074074074,8.0,0.0,0.0,8.0,28.0,9.0,0.0,18.0
train-ticket-0.1.0,5,ts-route-plan-service,78.0,0.0,0.0,78.0,59.0,57.0,0.0,65.0,1.813953488372093,0.0,0.0,1.813953488372093,1.372093023255814,1.3255813953488371,0.0,1.5116279069767442,8.0,0.0,0.0,8.0,22.0,4.0,0.0,9.0,78.0,0.0,0.0,78.0,59.0,57.0,0.0,65.0,1.813953488372093,0.0,0.0,1.813953488372093,1.372093023255814,1.3255813953488371,0.0,1.5116279069767442,8.0,0.0,0.0,8.0,22.0,4.0,0.0,9.0
train-ticket-0.1.0,5,ts-route-service,62.0,0.0,0.0,62.0,26.0,54.0,0.0,60.0,1.3191489361702127,0.0,0.0,1.3191489361702127,0.5531914893617021,1.148936170212766,0.0,1.2765957446808511,4.0,0.0,0.0,4.0,12.0,3.0,0.0,6.0,62.0,0.0,0.0,62.0,26.0,54.0,0.0,60.0,1.3191489361702127,0.0,0.0,1.3191489361702127,0.5531914893617021,1.148936170212766,0.0,1.2765957446808511,4.0,0.0,0.0,4.0,12.0,3.0,0.0,6.0
train-ticket-0.1.0,5,ts-seat-service,49.5,1.0,1.0,51.0,61.0,40.0,1.0,48.0,1.4558823529411764,0.029411764705882353,0.029411764705882353,1.5,1.7941176470588236,1.1764705882352942,0.029411764705882353,1.411764705882353,5.0,1.0,1.0,5.0,21.0,3.0,1.0,8.0,49.5,1.0,1.0,51.0,61.0,40.0,1.0,48.0,1.4558823529411764,0.029411764705882353,0.029411764705882353,1.5,1.7941176470588236,1.1764705882352942,0.029411764705882353,1.411764705882353,5.0,1.0,1.0,5.0,21.0,3.0,1.0,8.0
train-ticket-0.1.0,5,ts-security-service,74.0,0.0,0.0,74.0,52.0,58.0,0.0,76.0,1.4509803921568627,0.0,0.0,1.4509803921568627,1.0196078431372548,1.1372549019607843,0.0,1.4901960784313726,4.0,0.0,0.0,4.0,23.0,2.0,0.0,18.0,74.0,0.0,0.0,74.0,52.0,58.0,0.0,76.0,1.4509803921568627,0.0,0.0,1.4509803921568627,1.0196078431372548,1.1372549019607843,0.0,1.4901960784313726,4.0,0.0,0.0,4.0,23.0,2.0,0.0,18.0
train-ticket-0.1.0,5,ts-ticketinfo-service,49.0,0.0,0.0,49.0,3.0,32.0,0.0,34.0,1.6896551724137931,0.0,0.0,1.6896551724137931,0.10344827586206896,1.103448275862069,0.0,1.1724137931034482,8.0,0.0,0.0,8.0,1.0,3.0,0.0,6.0,49.0,0.0,0.0,49.0,3.0,32.0,0.0,34.0,1.6896551724137931,0.0,0.0,1.6896551724137931,0.10344827586206896,1.103448275862069,0.0,1.1724137931034482,8.0,0.0,0.0,8.0,1.0,3.0,0.0,6.0
train-ticket-0.1.0,5,ts-train-service,63.0,0.0,0.0,63.0,21.0,59.0,0.0,59.0,1.2857142857142858,0.0,0.0,1.2857142857142858,0.42857142857142855,1.2040816326530612,0.0,1.2040816326530612,5.0,0.0,0.0,5.0,3.0,2.0,0.0,3.0,63.0,0.0,0.0,63.0,21.0,59.0,0.0,59.0,1.2857142857142858,0.0,0.0,1.2857142857142858,0.42857142857142855,1.2040816326530612,0.0,1.2040816326530612,5.0,0.0,0.0,5.0,3.0,2.0,0.0,3.0
train-ticket-0.1.0,5,ts-travel-plan-service,110.0,0.0,0.0,110.0,12.0,63.0,0.0,65.0,2.037037037037037,0.0,0.0,2.037037037037037,0.2222222222222222,1.1666666666666667,0.0,1.2037037037037037,8.0,0.0,0.0,8.0,3.0,3.0,0.0,6.0,110.0,0.0,0.0,110.0,12.0,63.0,0.0,65.0,2.037037037037037,0.0,0.0,2.037037037037037,0.2222222222222222,1.1666666666666667,0.0,1.2037037037037037,8.0,0.0,0.0,8.0,3.0,3.0,0.0,6.0
train-ticket-0.1.0,5,ts-travel-service,173.0,4.0,4.0,181.0,119.0,132.0,4.0,142.0,1.6018518518518519,0.037037037037037035,0.037037037037037035,1.6759259259259258,1.1018518518518519,1.2222222222222223,0.037037037037037035,1.3148148148148149,9.0,2.0,1.0,9.0,14.0,5.0,1.0,6.0,173.0,4.0,4.0,181.0,119.0,132.0,4.0,142.0,1.6018518518518519,0.037037037037037035,0.037037037037037035,1.6759259259259258,1.1018518518518519,1.2222222222222223,0.037037037037037035,1.3148148148148149,9.0,2.0,1.0,9.0,14.0,5.0,1.0,6.0
train-ticket-0.1.0,5,ts-travel2-service,171.0,2.0,2.0,174.0,94.0,129.0,2.0,141.0,1.6285714285714286,0.01904761904761905,0.01904761904761905,1.6571428571428573,0.8952380952380953,1.2285714285714286,0.01904761904761905,1.3428571428571427,9.0,2.0,1.0,9.0,17.0,5.0,1.0,6.0,171.0,2.0,2.0,174.0,94.0,129.0,2.0,141.0,1.6285714285714286,0.01904761904761905,0.01904761904761905,1.6571428571428573,0.8952380952380953,1.2285714285714286,0.01904761904761905,1.3428571428571427,9.0,2.0,1.0,9.0,17.0,5.0,1.0,6.0
train-ticket-0.1.0,5,ts-verification-code-service,44.333333333,2.0,2.0,49.0,42.0,28.0,4.0,33.0,2.21666666665,0.1,0.1,2.45,2.1,1.4,0.2,1.65,7.0,2.0,2.0,7.0,19.0,3.0,4.0,7.0,44.333333333,2.0,2.0,49.0,42.0,28.0,4.0,33.0,2.21666666665,0.1,0.1,2.45,2.1,1.4,0.2,1.65,7.0,2.0,2.0,7.0,19.0,3.0,4.0,7.0
train-ticket-0.2.0,6,ts-admin-basic-info-service,194.0,0.0,0.0,194.0,19.0,119.0,0.0,125.0,1.6581196581196582,0.0,0.0,1.6581196581196582,0.1623931623931624,1.017094017094017,0.0,1.0683760683760684,5.0,0.0,0.0,5.0,9.0,2.0,0.0,8.0,194.0,0.0,0.0,194.0,19.0,119.0,0.0,125.0,1.6581196581196582,0.0,0.0,1.6581196581196582,0.1623931623931624,1.017094017094017,0.0,1.0683760683760684,5.0,0.0,0.0,5.0,9.0,2.0,0.0,8.0
train-ticket-0.2.0,6,ts-admin-order-service,47.0,0.0,0.0,47.0,39.0,61.0,0.0,81.0,0.8545454545454545,0.0,0.0,0.8545454545454545,0.7090909090909091,1.1090909090909091,0.0,1.4727272727272727,4.0,0.0,0.0,4.0,22.0,2.0,0.0,18.0,47.0,0.0,0.0,47.0,39.0,61.0,0.0,81.0,0.8545454545454545,0.0,0.0,0.8545454545454545,0.7090909090909091,1.1090909090909091,0.0,1.4727272727272727,4.0,0.0,0.0,4.0,22.0,2.0,0.0,18.0
train-ticket-0.2.0,6,ts-admin-travel-service,68.0,0.0,0.0,68.0,27.0,51.0,0.0,60.0,1.5454545454545454,0.0,0.0,1.5454545454545454,0.6136363636363636,1.1590909090909092,0.0,1.3636363636363635,8.0,0.0,0.0,8.0,8.0,3.0,0.0,6.0,68.0,0.0,0.0,68.0,27.0,51.0,0.0,60.0,1.5454545454545454,0.0,0.0,1.5454545454545454,0.6136363636363636,1.1590909090909092,0.0,1.3636363636363635,8.0,0.0,0.0,8.0,8.0,3.0,0.0,6.0
train-ticket-0.2.0,6,ts-assurance-service,97.0,0.0,0.0,97.0,24.0,77.0,0.0,77.0,1.4696969696969697,0.0,0.0,1.4696969696969697,0.36363636363636365,1.1666666666666667,0.0,1.1666666666666667,5.0,0.0,0.0,5.0,4.0,3.0,0.0,3.0,97.0,0.0,0.0,97.0,24.0,77.0,0.0,77.0,1.4696969696969697,0.0,0.0,1.4696969696969697,0.36363636363636365,1.1666666666666667,0.0,1.1666666666666667,5.0,0.0,0.0,5.0,4.0,3.0,0.0,3.0
train-ticket-0.2.0,6,ts-cancel-service,68.0,0.0,0.0,68.0,87.0,57.0,0.0,85.0,1.5813953488372092,0.0,0.0,1.5813953488372092,2.0232558139534884,1.3255813953488371,0.0,1.9767441860465116,4.0,0.0,0.0,4.0,23.0,6.0,0.0,18.0,68.0,0.0,0.0,68.0,87.0,57.0,0.0,85.0,1.5813953488372092,0.0,0.0,1.5813953488372092,2.0232558139534884,1.3255813953488371,0.0,1.9767441860465116,4.0,0.0,0.0,4.0,23.0,6.0,0.0,18.0
train-ticket-0.2.0,6,ts-common,37.5,1.0,1.0,38.0,11.0,26.0,1.0,23.0,1.9736842105263157,0.05263157894736842,0.05263157894736842,2.0,0.5789473684210527,1.368421052631579,0.05263157894736842,1.2105263157894737,3.0,1.0,1.0,3.0,5.0,3.0,1.0,3.0,37.5,1.0,1.0,38.0,11.0,26.0,1.0,23.0,1.9736842105263157,0.05263157894736842,0.05263157894736842,2.0,0.5789473684210527,1.368421052631579,0.05263157894736842,1.2105263157894737,3.0,1.0,1.0,3.0,5.0,3.0,1.0,3.0
train-ticket-0.2.0,6,ts-config-service,60.0,0.0,0.0,60.0,19.0,51.0,0.0,51.0,1.3333333333333333,0.0,0.0,1.3333333333333333,0.4222222222222222,1.1333333333333333,0.0,1.1333333333333333,4.0,0.0,0.0,4.0,5.0,2.0,0.0,3.0,60.0,0.0,0.0,60.0,19.0,51.0,0.0,51.0,1.3333333333333333,0.0,0.0,1.3333333333333333,0.4222222222222222,1.1333333333333333,0.0,1.1333333333333333,4.0,0.0,0.0,4.0,5.0,2.0,0.0,3.0
train-ticket-0.2.0,6,ts-consign-service,108.0,0.0,0.0,108.0,41.0,88.0,0.0,89.0,1.3670886075949367,0.0,0.0,1.3670886075949367,0.5189873417721519,1.1139240506329113,0.0,1.1265822784810127,4.0,0.0,0.0,4.0,9.0,3.0,0.0,3.0,108.0,0.0,0.0,108.0,41.0,88.0,0.0,89.0,1.3670886075949367,0.0,0.0,1.3670886075949367,0.5189873417721519,1.1139240506329113,0.0,1.1265822784810127,4.0,0.0,0.0,4.0,9.0,3.0,0.0,3.0
train-ticket-0.2.0,6,ts-contacts-service,78.0,0.0,0.0,78.0,29.0,66.0,0.0,73.0,1.3448275862068966,0.0,0.0,1.3448275862068966,0.5,1.1379310344827587,0.0,1.2586206896551724,3.0,0.0,0.0,3.0,9.0,2.0,0.0,8.0,78.0,0.0,0.0,78.0,29.0,66.0,0.0,73.0,1.3448275862068966,0.0,0.0,1.3448275862068966,0.5,1.1379310344827587,0.0,1.2586206896551724,3.0,0.0,0.0,3.0,9.0,2.0,0.0,8.0
train-ticket-0.2.0,6,ts-delivery-service,13.0,0.0,0.0,13.0,4.0,11.0,0.0,12.0,1.3,0.0,0.0,1.3,0.4,1.1,0.0,1.2,2.0,0.0,0.0,2.0,4.0,2.0,0.0,3.0,13.0,0.0,0.0,13.0,4.0,11.0,0.0,12.0,1.3,0.0,0.0,1.3,0.4,1.1,0.0,1.2,2.0,0.0,0.0,2.0,4.0,2.0,0.0,3.0
train-ticket-0.2.0,6,ts-execute-service,47.0,0.0,0.0,47.0,75.0,37.0,0.0,61.0,1.6206896551724137,0.0,0.0,1.6206896551724137,2.586206896551724,1.2758620689655173,0.0,2.103448275862069,4.0,0.0,0.0,4.0,22.0,4.0,0.0,18.0,47.0,0.0,0.0,47.0,75.0,37.0,0.0,61.0,1.6206896551724137,0.0,0.0,1.6206896551724137,2.586206896551724,1.2758620689655173,0.0,2.103448275862069,4.0,0.0,0.0,4.0,22.0,4.0,0.0,18.0
train-ticket-0.2.0,6,ts-food-map-service,158.0,0.0,0.0,158.0,68.0,126.0,0.0,139.0,1.5490196078431373,0.0,0.0,1.5490196078431373,0.6666666666666666,1.2352941176470589,0.0,1.3627450980392157,6.0,0.0,0.0,6.0,28.0,5.0,0.0,15.0,158.0,0.0,0.0,158.0,68.0,126.0,0.0,139.0,1.5490196078431373,0.0,0.0,1.5490196078431373,0.6666666666666666,1.2352941176470589,0.0,1.3627450980392157,6.0,0.0,0.0,6.0,28.0,5.0,0.0,15.0
train-ticket-0.2.0,6,ts-inside-payment-service,125.0,0.0,0.0,125.0,89.0,104.0,0.0,133.0,1.4880952380952381,0.0,0.0,1.4880952380952381,1.0595238095238095,1.2380952380952381,0.0,1.5833333333333333,4.0,0.0,0.0,4.0,22.0,4.0,0.0,18.0,125.0,0.0,0.0,125.0,89.0,104.0,0.0,133.0,1.4880952380952381,0.0,0.0,1.4880952380952381,1.0595238095238095,1.2380952380952381,0.0,1.5833333333333333,4.0,0.0,0.0,4.0,22.0,4.0,0.0,18.0
train-ticket-0.2.0,6,ts-notification-service,64.0,0.0,0.0,64.0,7.0,58.0,0.0,53.0,1.2307692307692308,0.0,0.0,1.2307692307692308,0.1346153846153846,1.1153846153846154,0.0,1.0192307692307692,3.0,0.0,0.0,3.0,6.0,2.0,0.0,2.0,64.0,0.0,0.0,64.0,7.0,58.0,0.0,53.0,1.2307692307692308,0.0,0.0,1.2307692307692308,0.1346153846153846,1.1153846153846154,0.0,1.0192307692307692,3.0,0.0,0.0,3.0,6.0,2.0,0.0,2.0
train-ticket-0.2.0,6,ts-order-other-service,207.071428571,7.0,7.0,212.0,114.0,171.0,37.0,204.0,1.47908163265,0.05,0.05,1.5142857142857142,0.8142857142857143,1.2214285714285715,0.2642857142857143,1.457142857142857,4.0,2.0,6.0,4.0,22.0,10.0,36.0,18.0,207.071428571,7.0,7.0,212.0,114.0,171.0,37.0,204.0,1.47908163265,0.05,0.05,1.5142857142857142,0.8142857142857143,1.2214285714285715,0.2642857142857143,1.457142857142857,4.0,2.0,6.0,4.0,22.0,10.0,36.0,18.0
train-ticket-0.2.0,6,ts-order-service,213.80769230800001,17.0,17.0,223.0,115.0,179.0,153.0,213.0,1.4446465696486488,0.11486486486486487,0.11486486486486487,1.5067567567567568,0.777027027027027,1.2094594594594594,1.0337837837837838,1.4391891891891893,4.0,5.0,12.0,4.0,22.0,10.0,144.0,18.0,213.80769230800001,17.0,17.0,223.0,115.0,179.0,153.0,213.0,1.4446465696486488,0.11486486486486487,0.11486486486486487,1.5067567567567568,0.777027027027027,1.2094594594594594,1.0337837837837838,1.4391891891891893,4.0,5.0,12.0,4.0,22.0,10.0,144.0,18.0
train-ticket-0.2.0,6,ts-payment-service,43.0,0.0,0.0,43.0,9.0,40.0,0.0,40.0,1.1944444444444444,0.0,0.0,1.1944444444444444,0.25,1.1111111111111112,0.0,1.1111111111111112,3.0,0.0,0.0,3.0,4.0,2.0,0.0,3.0,43.0,0.0,0.0,43.0,9.0,40.0,0.0,40.0,1.1944444444444444,0.0,0.0,1.1944444444444444,0.25,1.1111111111111112,0.0,1.1111111111111112,3.0,0.0,0.0,3.0,4.0,2.0,0.0,3.0
train-ticket-0.2.0,6,ts-preserve-service,207.0,0.0,0.0,207.0,164.0,133.0,0.0,211.0,1.8,0.0,0.0,1.8,1.4260869565217391,1.1565217391304348,0.0,1.8347826086956522,8.0,0.0,0.0,8.0,33.0,4.0,0.0,18.0,207.0,0.0,0.0,207.0,164.0,133.0,0.0,211.0,1.8,0.0,0.0,1.8,1.4260869565217391,1.1565217391304348,0.0,1.8347826086956522,8.0,0.0,0.0,8.0,33.0,4.0,0.0,18.0
train-ticket-0.2.0,6,ts-price-service,76.0,0.0,0.0,76.0,14.0,57.0,0.0,58.0,1.52,0.0,0.0,1.52,0.28,1.14,0.0,1.16,5.0,0.0,0.0,5.0,6.0,3.0,0.0,4.0,76.0,0.0,0.0,76.0,14.0,57.0,0.0,58.0,1.52,0.0,0.0,1.52,0.28,1.14,0.0,1.16,5.0,0.0,0.0,5.0,6.0,3.0,0.0,4.0
train-ticket-0.2.0,6,ts-rebook-service,114.0,0.0,0.0,114.0,125.0,82.0,0.0,132.0,2.0727272727272728,0.0,0.0,2.0727272727272728,2.272727272727273,1.490909090909091,0.0,2.4,8.0,0.0,0.0,8.0,28.0,9.0,0.0,18.0,114.0,0.0,0.0,114.0,125.0,82.0,0.0,132.0,2.0727272727272728,0.0,0.0,2.0727272727272728,2.272727272727273,1.490909090909091,0.0,2.4,8.0,0.0,0.0,8.0,28.0,9.0,0.0,18.0
train-ticket-0.2.0,6,ts-route-plan-service,78.0,0.0,0.0,78.0,59.0,57.0,0.0,65.0,1.813953488372093,0.0,0.0,1.813953488372093,1.372093023255814,1.3255813953488371,0.0,1.5116279069767442,8.0,0.0,0.0,8.0,22.0,4.0,0.0,9.0,78.0,0.0,0.0,78.0,59.0,57.0,0.0,65.0,1.813953488372093,0.0,0.0,1.813953488372093,1.372093023255814,1.3255813953488371,0.0,1.5116279069767442,8.0,0.0,0.0,8.0,22.0,4.0,0.0,9.0
train-ticket-0.2.0,6,ts-route-service,62.0,0.0,0.0,62.0,26.0,54.0,0.0,60.0,1.3191489361702127,0.0,0.0,1.3191489361702127,0.5531914893617021,1.148936170212766,0.0,1.2765957446808511,4.0,0.0,0.0,4.0,12.0,3.0,0.0,6.0,62.0,0.0,0.0,62.0,26.0,54.0,0.0,60.0,1.3191489361702127,0.0,0.0,1.3191489361702127,0.5531914893617021,1.148936170212766,0.0,1.2765957446808511,4.0,0.0,0.0,4.0,12.0,3.0,0.0,6.0
train-ticket-0.2.0,6,ts-seat-service,49.5,1.0,1.0,51.0,61.0,40.0,1.0,48.0,1.4558823529411764,0.029411764705882353,0.029411764705882353,1.5,1.7941176470588236,1.1764705882352942,0.029411764705882353,1.411764705882353,5.0,1.0,1.0,5.0,21.0,3.0,1.0,8.0,49.5,1.0,1.0,51.0,61.0,40.0,1.0,48.0,1.4558823529411764,0.029411764705882353,0.029411764705882353,1.5,1.7941176470588236,1.1764705882352942,0.029411764705882353,1.411764705882353,5.0,1.0,1.0,5.0,21.0,3.0,1.0,8.0
train-ticket-0.2.0,6,ts-security-service,74.0,0.0,0.0,74.0,52.0,58.0,0.0,76.0,1.4509803921568627,0.0,0.0,1.4509803921568627,1.0196078431372548,1.1372549019607843,0.0,1.4901960784313726,4.0,0.0,0.0,4.0,23.0,2.0,0.0,18.0,74.0,0.0,0.0,74.0,52.0,58.0,0.0,76.0,1.4509803921568627,0.0,0.0,1.4509803921568627,1.0196078431372548,1.1372549019607843,0.0,1.4901960784313726,4.0,0.0,0.0,4.0,23.0,2.0,0.0,18.0
train-ticket-0.2.0,6,ts-ticketinfo-service,49.0,0.0,0.0,49.0,3.0,32.0,0.0,34.0,1.6896551724137931,0.0,0.0,1.6896551724137931,0.10344827586206896,1.103448275862069,0.0,1.1724137931034482,8.0,0.0,0.0,8.0,1.0,3.0,0.0,6.0,49.0,0.0,0.0,49.0,3.0,32.0,0.0,34.0,1.6896551724137931,0.0,0.0,1.6896551724137931,0.10344827586206896,1.103448275862069,0.0,1.1724137931034482,8.0,0.0,0.0,8.0,1.0,3.0,0.0,6.0
train-ticket-0.2.0,6,ts-train-service,63.0,0.0,0.0,63.0,21.0,59.0,0.0,59.0,1.2857142857142858,0.0,0.0,1.2857142857142858,0.42857142857142855,1.2040816326530612,0.0,1.2040816326530612,5.0,0.0,0.0,5.0,3.0,2.0,0.0,3.0,63.0,0.0,0.0,63.0,21.0,59.0,0.0,59.0,1.2857142857142858,0.0,0.0,1.2857142857142858,0.42857142857142855,1.2040816326530612,0.0,1.2040816326530612,5.0,0.0,0.0,5.0,3.0,2.0,0.0,3.0
train-ticket-0.2.0,6,ts-travel-plan-service,110.0,0.0,0.0,110.0,12.0,63.0,0.0,65.0,2.037037037037037,0.0,0.0,2.037037037037037,0.2222222222222222,1.1666666666666667,0.0,1.2037037037037037,8.0,0.0,0.0,8.0,3.0,3.0,0.0,6.0,110.0,0.0,0.0,110.0,12.0,63.0,0.0,65.0,2.037037037037037,0.0,0.0,2.037037037037037,0.2222222222222222,1.1666666666666667,0.0,1.2037037037037037,8.0,0.0,0.0,8.0,3.0,3.0,0.0,6.0
train-ticket-0.2.0,6,ts-travel-service,173.0,4.0,4.0,181.0,119.0,132.0,4.0,142.0,1.6018518518518519,0.037037037037037035,0.037037037037037035,1.6759259259259258,1.1018518518518519,1.2222222222222223,0.037037037037037035,1.3148148148148149,9.0,2.0,1.0,9.0,14.0,5.0,1.0,6.0,173.0,4.0,4.0,181.0,119.0,132.0,4.0,142.0,1.6018518518518519,0.037037037037037035,0.037037037037037035,1.6759259259259258,1.1018518518518519,1.2222222222222223,0.037037037037037035,1.3148148148148149,9.0,2.0,1.0,9.0,14.0,5.0,1.0,6.0
train-ticket-0.2.0,6,ts-travel2-service,171.0,2.0,2.0,174.0,94.0,129.0,2.0,141.0,1.6285714285714286,0.01904761904761905,0.01904761904761905,1.6571428571428573,0.8952380952380953,1.2285714285714286,0.01904761904761905,1.3428571428571427,9.0,2.0,1.0,9.0,17.0,5.0,1.0,6.0,171.0,2.0,2.0,174.0,94.0,129.0,2.0,141.0,1.6285714285714286,0.01904761904761905,0.01904761904761905,1.6571428571428573,0.8952380952380953,1.2285714285714286,0.01904761904761905,1.3428571428571427,9.0,2.0,1.0,9.0,17.0,5.0,1.0,6.0
train-ticket-0.2.0,6,ts-verification-code-service,44.333333333,2.0,2.0,49.0,43.0,28.0,4.0,33.0,2.21666666665,0.1,0.1,2.45,2.15,1.4,0.2,1.65,7.0,2.0,2.0,7.0,19.0,3.0,4.0,7.0,44.333333333,2.0,2.0,49.0,43.0,28.0,4.0,33.0,2.21666666665,0.1,0.1,2.45,2.15,1.4,0.2,1.65,7.0,2.0,2.0,7.0,19.0,3.0,4.0,7.0
train-ticket-1.0.0,7,ts-admin-order-service,46.0,0.0,0.0,46.0,22.0,59.0,0.0,62.0,0.8518518518518519,0.0,0.0,0.8518518518518519,0.4074074074074074,1.0925925925925926,0.0,1.1481481481481481,4.0,0.0,0.0,4.0,6.0,2.0,0.0,3.0,46.0,0.0,0.0,46.0,22.0,59.0,0.0,62.0,0.8518518518518519,0.0,0.0,0.8518518518518519,0.4074074074074074,1.0925925925925926,0.0,1.1481481481481481,4.0,0.0,0.0,4.0,6.0,2.0,0.0,3.0
train-ticket-1.0.0,7,ts-admin-route-service,37.0,0.0,0.0,37.0,28.0,31.0,0.0,35.0,1.4230769230769231,0.0,0.0,1.4230769230769231,1.0769230769230769,1.1923076923076923,0.0,1.3461538461538463,3.0,0.0,0.0,3.0,10.0,2.0,0.0,5.0,37.0,0.0,0.0,37.0,28.0,31.0,0.0,35.0,1.4230769230769231,0.0,0.0,1.4230769230769231,1.0769230769230769,1.1923076923076923,0.0,1.3461538461538463,3.0,0.0,0.0,3.0,10.0,2.0,0.0,5.0
train-ticket-1.0.0,7,ts-admin-travel-service,55.0,0.0,0.0,55.0,62.0,48.0,0.0,63.0,1.375,0.0,0.0,1.375,1.55,1.2,0.0,1.575,3.0,0.0,0.0,3.0,11.0,2.0,0.0,7.0,55.0,0.0,0.0,55.0,62.0,48.0,0.0,63.0,1.375,0.0,0.0,1.375,1.55,1.2,0.0,1.575,3.0,0.0,0.0,3.0,11.0,2.0,0.0,7.0
train-ticket-1.0.0,7,ts-assurance-service,97.0,0.0,0.0,97.0,24.0,77.0,0.0,77.0,1.4696969696969697,0.0,0.0,1.4696969696969697,0.36363636363636365,1.1666666666666667,0.0,1.1666666666666667,5.0,0.0,0.0,5.0,4.0,3.0,0.0,3.0,97.0,0.0,0.0,97.0,24.0,77.0,0.0,77.0,1.4696969696969697,0.0,0.0,1.4696969696969697,0.36363636363636365,1.1666666666666667,0.0,1.1666666666666667,5.0,0.0,0.0,5.0,4.0,3.0,0.0,3.0
train-ticket-1.0.0,7,ts-cancel-service,60.0,0.0,0.0,60.0,70.0,50.0,0.0,61.0,1.6216216216216217,0.0,0.0,1.6216216216216217,1.8918918918918919,1.3513513513513513,0.0,1.6486486486486487,4.0,0.0,0.0,4.0,23.0,6.0,0.0,14.0,60.0,0.0,0.0,60.0,70.0,50.0,0.0,61.0,1.6216216216216217,0.0,0.0,1.6216216216216217,1.8918918918918919,1.3513513513513513,0.0,1.6486486486486487,4.0,0.0,0.0,4.0,23.0,6.0,0.0,14.0
train-ticket-1.0.0,7,ts-common,138.5,1.0,1.0,139.0,53.0,92.0,1.0,117.0,1.7531645569620253,0.012658227848101266,0.012658227848101266,1.759493670886076,0.6708860759493671,1.1645569620253164,0.012658227848101266,1.481012658227848,8.0,1.0,1.0,8.0,22.0,3.0,1.0,18.0,138.5,1.0,1.0,139.0,53.0,92.0,1.0,117.0,1.7531645569620253,0.012658227848101266,0.012658227848101266,1.759493670886076,0.6708860759493671,1.1645569620253164,0.012658227848101266,1.481012658227848,8.0,1.0,1.0,8.0,22.0,3.0,1.0,18.0
train-ticket-1.0.0,7,ts-config-service,60.0,0.0,0.0,60.0,19.0,51.0,0.0,51.0,1.3333333333333333,0.0,0.0,1.3333333333333333,0.4222222222222222,1.1333333333333333,0.0,1.1333333333333333,4.0,0.0,0.0,4.0,5.0,2.0,0.0,3.0,60.0,0.0,0.0,60.0,19.0,51.0,0.0,51.0,1.3333333333333333,0.0,0.0,1.3333333333333333,0.4222222222222222,1.1333333333333333,0.0,1.1333333333333333,4.0,0.0,0.0,4.0,5.0,2.0,0.0,3.0
train-ticket-1.0.0,7,ts-consign-price-service,45.0,0.0,0.0,45.0,11.0,39.0,0.0,38.0,1.2857142857142858,0.0,0.0,1.2857142857142858,0.3142857142857143,1.1142857142857143,0.0,1.0857142857142856,4.0,0.0,0.0,4.0,9.0,3.0,0.0,3.0,45.0,0.0,0.0,45.0,11.0,39.0,0.0,38.0,1.2857142857142858,0.0,0.0,1.2857142857142858,0.3142857142857143,1.1142857142857143,0.0,1.0857142857142856,4.0,0.0,0.0,4.0,9.0,3.0,0.0,3.0
train-ticket-1.0.0,7,ts-consign-service,66.0,0.0,0.0,66.0,30.0,51.0,0.0,53.0,1.434782608695652,0.0,0.0,1.434782608695652,0.6521739130434783,1.108695652173913,0.0,1.1521739130434783,3.0,0.0,0.0,3.0,8.0,2.0,0.0,3.0,66.0,0.0,0.0,66.0,30.0,51.0,0.0,53.0,1.434782608695652,0.0,0.0,1.434782608695652,0.6521739130434783,1.108695652173913,0.0,1.1521739130434783,3.0,0.0,0.0,3.0,8.0,2.0,0.0,3.0
train-ticket-1.0.0,7,ts-contacts-service,82.0,0.0,0.0,82.0,29.0,67.0,0.0,74.0,1.3898305084745763,0.0,0.0,1.3898305084745763,0.4915254237288136,1.1355932203389831,0.0,1.2542372881355932,4.0,0.0,0.0,4.0,9.0,2.0,0.0,8.0,82.0,0.0,0.0,82.0,29.0,67.0,0.0,74.0,1.3898305084745763,0.0,0.0,1.3898305084745763,0.4915254237288136,1.1355932203389831,0.0,1.2542372881355932,4.0,0.0,0.0,4.0,9.0,2.0,0.0,8.0
train-ticket-1.0.0,7,ts-execute-service,42.0,0.0,0.0,42.0,55.0,33.0,0.0,40.0,1.6153846153846154,0.0,0.0,1.6153846153846154,2.1153846153846154,1.2692307692307692,0.0,1.5384615384615385,4.0,0.0,0.0,4.0,14.0,4.0,0.0,9.0,42.0,0.0,0.0,42.0,55.0,33.0,0.0,40.0,1.6153846153846154,0.0,0.0,1.6153846153846154,2.1153846153846154,1.2692307692307692,0.0,1.5384615384615385,4.0,0.0,0.0,4.0,14.0,4.0,0.0,9.0
train-ticket-1.0.0,7,ts-food-service,144.0,0.0,0.0,144.0,68.0,105.0,0.0,116.0,1.7777777777777777,0.0,0.0,1.7777777777777777,0.8395061728395061,1.2962962962962963,0.0,1.4320987654320987,6.0,0.0,0.0,6.0,27.0,5.0,0.0,15.0,144.0,0.0,0.0,144.0,68.0,105.0,0.0,116.0,1.7777777777777777,0.0,0.0,1.7777777777777777,0.8395061728395061,1.2962962962962963,0.0,1.4320987654320987,6.0,0.0,0.0,6.0,27.0,5.0,0.0,15.0
train-ticket-1.0.0,7,ts-gateway-service,6.0,1.0,1.0,6.0,0.0,8.0,1.0,7.0,0.8571428571428571,0.14285714285714285,0.14285714285714285,0.8571428571428571,0.0,1.1428571428571428,0.14285714285714285,1.0,3.0,1.0,1.0,3.0,0.0,2.0,1.0,1.0,6.0,1.0,1.0,6.0,0.0,8.0,1.0,7.0,0.8571428571428571,0.14285714285714285,0.14285714285714285,0.8571428571428571,0.0,1.1428571428571428,0.14285714285714285,1.0,3.0,1.0,1.0,3.0,0.0,2.0,1.0,1.0
train-ticket-1.0.0,7,ts-inside-payment-service,120.0,0.0,0.0,120.0,71.0,100.0,0.0,112.0,1.4814814814814814,0.0,0.0,1.4814814814814814,0.8765432098765432,1.2345679012345678,0.0,1.382716049382716,4.0,0.0,0.0,4.0,21.0,4.0,0.0,9.0,120.0,0.0,0.0,120.0,71.0,100.0,0.0,112.0,1.4814814814814814,0.0,0.0,1.4814814814814814,0.8765432098765432,1.2345679012345678,0.0,1.382716049382716,4.0,0.0,0.0,4.0,21.0,4.0,0.0,9.0
train-ticket-1.0.0,7,ts-notification-service,64.0,0.0,0.0,64.0,3.0,58.0,0.0,53.0,1.2307692307692308,0.0,0.0,1.2307692307692308,0.057692307692307696,1.1153846153846154,0.0,1.0192307692307692,3.0,0.0,0.0,3.0,2.0,2.0,0.0,2.0,64.0,0.0,0.0,64.0,3.0,58.0,0.0,53.0,1.2307692307692308,0.0,0.0,1.2307692307692308,0.057692307692307696,1.1153846153846154,0.0,1.0192307692307692,3.0,0.0,0.0,3.0,2.0,2.0,0.0,2.0
train-ticket-1.0.0,7,ts-order-other-service,202.0,0.0,0.0,202.0,108.0,162.0,0.0,195.0,1.5419847328244274,0.0,0.0,1.5419847328244274,0.8244274809160306,1.2366412213740459,0.0,1.4885496183206106,4.0,0.0,0.0,4.0,22.0,10.0,0.0,18.0,202.0,0.0,0.0,202.0,108.0,162.0,0.0,195.0,1.5419847328244274,0.0,0.0,1.5419847328244274,0.8244274809160306,1.2366412213740459,0.0,1.4885496183206106,4.0,0.0,0.0,4.0,22.0,10.0,0.0,18.0
train-ticket-1.0.0,7,ts-order-service,200.444444444,12.0,12.0,208.0,108.0,168.0,72.0,202.0,1.4630981346277372,0.08759124087591241,0.08759124087591241,1.5182481751824817,0.7883211678832117,1.2262773722627738,0.5255474452554745,1.4744525547445255,4.0,5.0,8.0,4.0,22.0,10.0,64.0,18.0,200.444444444,12.0,12.0,208.0,108.0,168.0,72.0,202.0,1.4630981346277372,0.08759124087591241,0.08759124087591241,1.5182481751824817,0.7883211678832117,1.2262773722627738,0.5255474452554745,1.4744525547445255,4.0,5.0,8.0,4.0,22.0,10.0,64.0,18.0
train-ticket-1.0.0,7,ts-payment-service,44.0,0.0,0.0,44.0,8.0,40.0,0.0,40.0,1.2222222222222223,0.0,0.0,1.2222222222222223,0.2222222222222222,1.1111111111111112,0.0,1.1111111111111112,3.0,0.0,0.0,3.0,4.0,2.0,0.0,3.0,44.0,0.0,0.0,44.0,8.0,40.0,0.0,40.0,1.2222222222222223,0.0,0.0,1.2222222222222223,0.2222222222222222,1.1111111111111112,0.0,1.1111111111111112,3.0,0.0,0.0,3.0,4.0,2.0,0.0,3.0
train-ticket-1.0.0,7,ts-preserve-other-service,60.0,0.0,0.0,60.0,53.0,36.0,0.0,49.0,1.935483870967742,0.0,0.0,1.935483870967742,1.7096774193548387,1.1612903225806452,0.0,1.5806451612903225,9.0,0.0,0.0,9.0,33.0,4.0,0.0,19.0,60.0,0.0,0.0,60.0,53.0,36.0,0.0,49.0,1.935483870967742,0.0,0.0,1.935483870967742,1.7096774193548387,1.1612903225806452,0.0,1.5806451612903225,9.0,0.0,0.0,9.0,33.0,4.0,0.0,19.0
train-ticket-1.0.0,7,ts-preserve-service,60.0,0.0,0.0,60.0,54.0,36.0,0.0,49.0,1.935483870967742,0.0,0.0,1.935483870967742,1.7419354838709677,1.1612903225806452,0.0,1.5806451612903225,9.0,0.0,0.0,9.0,34.0,4.0,0.0,19.0,60.0,0.0,0.0,60.0,54.0,36.0,0.0,49.0,1.935483870967742,0.0,0.0,1.935483870967742,1.7419354838709677,1.1612903225806452,0.0,1.5806451612903225,9.0,0.0,0.0,9.0,34.0,4.0,0.0,19.0
train-ticket-1.0.0,7,ts-price-service,78.0,0.0,0.0,78.0,18.0,60.0,0.0,62.0,1.5294117647058822,0.0,0.0,1.5294117647058822,0.35294117647058826,1.1764705882352942,0.0,1.2156862745098038,4.0,0.0,0.0,4.0,6.0,3.0,0.0,4.0,78.0,0.0,0.0,78.0,18.0,60.0,0.0,62.0,1.5294117647058822,0.0,0.0,1.5294117647058822,0.35294117647058826,1.1764705882352942,0.0,1.2156862745098038,4.0,0.0,0.0,4.0,6.0,3.0,0.0,4.0
train-ticket-1.0.0,7,ts-rebook-service,86.0,0.0,0.0,86.0,104.0,61.0,0.0,84.0,2.324324324324324,0.0,0.0,2.324324324324324,2.810810810810811,1.6486486486486487,0.0,2.27027027027027,9.0,0.0,0.0,9.0,28.0,9.0,0.0,18.0,86.0,0.0,0.0,86.0,104.0,61.0,0.0,84.0,2.324324324324324,0.0,0.0,2.324324324324324,2.810810810810811,1.6486486486486487,0.0,2.27027027027027,9.0,0.0,0.0,9.0,28.0,9.0,0.0,18.0
train-ticket-1.0.0,7,ts-route-plan-service,48.0,0.0,0.0,48.0,68.0,41.0,0.0,48.0,1.6551724137931034,0.0,0.0,1.6551724137931034,2.3448275862068964,1.4137931034482758,0.0,1.6551724137931034,3.0,0.0,0.0,3.0,27.0,4.0,0.0,9.0,48.0,0.0,0.0,48.0,68.0,41.0,0.0,48.0,1.6551724137931034,0.0,0.0,1.6551724137931034,2.3448275862068964,1.4137931034482758,0.0,1.6551724137931034,3.0,0.0,0.0,3.0,27.0,4.0,0.0,9.0
train-ticket-1.0.0,7,ts-route-service,83.0,0.0,0.0,83.0,26.0,60.0,0.0,67.0,1.5961538461538463,0.0,0.0,1.5961538461538463,0.5,1.1538461538461537,0.0,1.2884615384615385,6.0,0.0,0.0,6.0,11.0,3.0,0.0,6.0,83.0,0.0,0.0,83.0,26.0,60.0,0.0,67.0,1.5961538461538463,0.0,0.0,1.5961538461538463,0.5,1.1538461538461537,0.0,1.2884615384615385,6.0,0.0,0.0,6.0,11.0,3.0,0.0,6.0
train-ticket-1.0.0,7,ts-seat-service,32.0,0.0,0.0,32.0,36.0,30.0,0.0,36.0,1.3333333333333333,0.0,0.0,1.3333333333333333,1.5,1.25,0.0,1.5,3.0,0.0,0.0,3.0,16.0,3.0,0.0,7.0,32.0,0.0,0.0,32.0,36.0,30.0,0.0,36.0,1.3333333333333333,0.0,0.0,1.3333333333333333,1.5,1.25,0.0,1.5,3.0,0.0,0.0,3.0,16.0,3.0,0.0,7.0
train-ticket-1.0.0,7,ts-security-service,68.0,0.0,0.0,68.0,29.0,53.0,0.0,54.0,1.446808510638298,0.0,0.0,1.446808510638298,0.6170212765957447,1.127659574468085,0.0,1.148936170212766,4.0,0.0,0.0,4.0,9.0,2.0,0.0,3.0,68.0,0.0,0.0,68.0,29.0,53.0,0.0,54.0,1.446808510638298,0.0,0.0,1.446808510638298,0.6170212765957447,1.127659574468085,0.0,1.148936170212766,4.0,0.0,0.0,4.0,9.0,2.0,0.0,3.0
train-ticket-1.0.0,7,ts-train-food-service,38.0,0.0,0.0,38.0,13.0,30.0,0.0,29.0,1.8095238095238095,0.0,0.0,1.8095238095238095,0.6190476190476191,1.4285714285714286,0.0,1.380952380952381,3.0,0.0,0.0,3.0,3.0,4.0,0.0,3.0,38.0,0.0,0.0,38.0,13.0,30.0,0.0,29.0,1.8095238095238095,0.0,0.0,1.8095238095238095,0.6190476190476191,1.4285714285714286,0.0,1.380952380952381,3.0,0.0,0.0,3.0,3.0,4.0,0.0,3.0
train-ticket-1.0.0,7,ts-train-service,87.0,0.0,0.0,87.0,29.0,72.0,0.0,74.0,1.5,0.0,0.0,1.5,0.5,1.2413793103448276,0.0,1.2758620689655173,5.0,0.0,0.0,5.0,3.0,2.0,0.0,3.0,87.0,0.0,0.0,87.0,29.0,72.0,0.0,74.0,1.5,0.0,0.0,1.5,0.5,1.2413793103448276,0.0,1.2758620689655173,5.0,0.0,0.0,5.0,3.0,2.0,0.0,3.0
train-ticket-1.0.0,7,ts-travel-plan-service,83.0,2.0,2.0,85.0,18.0,50.0,4.0,49.0,1.930232558139535,0.046511627906976744,0.046511627906976744,1.9767441860465116,0.4186046511627907,1.1627906976744187,0.09302325581395349,1.1395348837209303,9.0,2.0,2.0,9.0,3.0,3.0,4.0,3.0,83.0,2.0,2.0,85.0,18.0,50.0,4.0,49.0,1.930232558139535,0.046511627906976744,0.046511627906976744,1.9767441860465116,0.4186046511627907,1.1627906976744187,0.09302325581395349,1.1395348837209303,9.0,2.0,2.0,9.0,3.0,3.0,4.0,3.0
train-ticket-1.0.0,7,ts-travel-service,194.0,0.0,0.0,194.0,111.0,128.0,0.0,144.0,1.9207920792079207,0.0,0.0,1.9207920792079207,1.099009900990099,1.2673267326732673,0.0,1.4257425742574257,9.0,0.0,0.0,9.0,10.0,5.0,0.0,6.0,194.0,0.0,0.0,194.0,111.0,128.0,0.0,144.0,1.9207920792079207,0.0,0.0,1.9207920792079207,1.099009900990099,1.2673267326732673,0.0,1.4257425742574257,9.0,0.0,0.0,9.0,10.0,5.0,0.0,6.0
train-ticket-1.0.0,7,ts-travel2-service,168.0,0.0,0.0,168.0,89.0,116.0,0.0,125.0,1.8064516129032258,0.0,0.0,1.8064516129032258,0.956989247311828,1.2473118279569892,0.0,1.3440860215053763,9.0,0.0,0.0,9.0,10.0,5.0,0.0,6.0,168.0,0.0,0.0,168.0,89.0,116.0,0.0,125.0,1.8064516129032258,0.0,0.0,1.8064516129032258,0.956989247311828,1.2473118279569892,0.0,1.3440860215053763,9.0,0.0,0.0,9.0,10.0,5.0,0.0,6.0
train-ticket-1.0.0,7,ts-verification-code-service,46.333333333,2.0,2.0,51.0,41.0,29.0,4.0,34.0,2.2063492063333334,0.09523809523809523,0.09523809523809523,2.4285714285714284,1.9523809523809523,1.380952380952381,0.19047619047619047,1.619047619047619,7.0,2.0,2.0,7.0,19.0,3.0,4.0,7.0,46.333333333,2.0,2.0,51.0,41.0,29.0,4.0,34.0,2.2063492063333334,0.09523809523809523,0.09523809523809523,2.4285714285714284,1.9523809523809523,1.380952380952381,0.19047619047619047,1.619047619047619,7.0,2.0,2.0,7.0,19.0,3.0,4.0,7.0
train-ticket-1.0.0,7,ts-wait-order-service,77.5,4.0,4.0,83.0,31.0,59.0,6.0,65.0,1.684782608695652,0.08695652173913043,0.08695652173913043,1.8043478260869565,0.6739130434782609,1.2826086956521738,0.13043478260869565,1.4130434782608696,6.0,2.0,2.0,6.0,8.0,4.0,4.0,7.0,77.5,4.0,4.0,83.0,31.0,59.0,6.0,65.0,1.684782608695652,0.08695652173913043,0.08695652173913043,1.8043478260869565,0.6739130434782609,1.2826086956521738,0.13043478260869565,1.4130434782608696,6.0,2.0,2.0,6.0,8.0,4.0,4.0,7.0
