MS_system,Microservice,Taylor_JC,Yin_JC,Liu_JC,Huang_JC,Taylor_CC,Yin_CC,Liu_CC,Huang_CC,Taylor_TAC,Taylor_FOM,Taylor_FOM_NORM
train-ticket-0.0.1,ts-admin-basic-info-service,6.121579164432011e-18,0.009700139293102025,2.007721167361184e-18,0.0,1.0151531482595027e-17,0.01757243397111895,3.0396759927603915e-18,0.0,0.0,4284604125830851.0,0.10159845915092619
train-ticket-0.0.1,ts-admin-order-service,8.44679666302346e-21,0.00831377626406982,4.366742471441417e-19,0.0,1.4007484008371454e-20,0.015060947068555286,6.611217968306547e-19,0.0,0.0,5690458042421017.0,0.13493469921468193
train-ticket-0.0.1,ts-admin-route-service,6.923402241658825e-24,3.239838134819667e-19,3.588784738926206e-23,0.0,1.148120998438313e-23,5.869177748995544e-19,5.433395329709349e-23,0.0,0.0,1434580892151254.2,0.03401742702230747
train-ticket-0.0.1,ts-admin-travel-service,0.05067308490721721,0.001781475976517535,0.03317235302630063,9.664395788608055e-50,0.08403214316735146,0.003227259735409222,0.05022271357030471,0.048317504061873955,0.0,6061360926801134.0,0.1437297151463689
train-ticket-0.0.1,ts-admin-user-service,1.0073166214414813e-25,0.0,0.0,0.0,1.6704523654482957e-25,0.0,0.0,0.0,0.0,0.0,0.0
train-ticket-0.0.1,ts-assurance-service,1.0028381260530248e-25,6.653919743394298e-20,0.0,0.0,1.6630255911292232e-25,1.2054008896869068e-19,0.0,0.0,0.11799424665690383,1484680556943967.5,0.035205412795889415
train-ticket-0.0.1,ts-auth-service,4.51395660921828e-33,0.0,0.0,0.0,7.485580337798179e-33,0.0,0.0,0.0,0.0,0.0,0.0
train-ticket-0.0.1,ts-basic-service,7.816258401835186e-17,0.010777932474032909,5.317111214640298e-24,0.0,1.2961850383860872e-16,0.01952492650077762,8.050069687327057e-24,0.0,0.06050013585016839,4141335692210437.0,0.09820121364741584
train-ticket-0.0.1,ts-cancel-service,3.060269439326813e-18,0.008887204448088337,5.234897305675692e-19,0.0,5.074903178423907e-18,0.016099749563691583,7.92559839648583e-19,0.0,5.551115123125783e-17,6889068379564874.0,0.1633566863574436
train-ticket-0.0.1,ts-config-service,1.2078473689095605e-17,9.805756831202002e-20,0.0,0.0,2.0029963286103568e-17,1.7763767018859182e-19,0.0,0.0,0.10058975129993608,1265685846676035.5,0.03001251177819951
train-ticket-0.0.1,ts-consign-price-service,2.621048332103649e-17,2.890084783284209e-17,0.0,0.0,4.346534439242552e-17,5.2355767778832063e-17,0.0,0.0,0.03167121420794925,398507870354698.8,0.009449597768779456
train-ticket-0.0.1,ts-consign-service,3.640703151909336e-17,2.602567382436636e-19,1.0453683185356268e-22,0.0,6.037447474359302e-17,4.71472028404558e-19,1.5826804205194713e-22,0.0,0.12595775631857772,1704814421524927.2,0.040425325952750134
train-ticket-0.0.1,ts-contacts-service,3.0826021594277e-17,1.6952158402436534e-19,0.0,0.0,5.111937954109467e-17,3.0709938815682956e-19,0.0,0.0,0.11799424665690263,1484680556943952.2,0.035205412795889054
train-ticket-0.0.1,ts-execute-service,2.7625661380583215e-17,0.00831377626406982,2.423253998710085e-19,0.0,4.5812161159647586e-17,0.015060947068555286,3.668789831967019e-19,0.0,1.3877787807814457e-17,5690458042421017.0,0.13493469921468193
train-ticket-0.0.1,ts-food-delivery-service,5.4790803426705e-18,0.0,0.0,0.0,9.086063432367278e-18,0.0,0.0,0.0,0.0,0.0,0.0
train-ticket-0.0.1,ts-food-map-service,2.3461434559544263e-17,2.6819142627341153e-20,0.0,0.0,3.8906544399831357e-17,4.858462324516407e-20,0.0,0.0,0.031671214207949445,398507870354701.25,0.009449597768779513
train-ticket-0.0.1,ts-food-service,0.02533654245360862,0.01377839119401816,0.018955630263870146,0.0,0.04201607158367575,0.02496045285218816,0.028698693412919973,0.0,0.12595775631857772,3319006793125823.0,0.07870178111907854
train-ticket-0.0.1,ts-inside-payment-service,1.986071043218943e-18,0.010403860943394539,3.923748922699321e-20,0.0,3.2935394904393342e-18,0.018847271564699265,5.940528792464014e-20,0.0,0.04736983076248702,5921655845173717.0,0.14041696544720095
train-ticket-0.0.1,ts-login-service,2.1955931328360023e-19,0.0,0.0,0.0,3.6409939677750077e-19,0.0,0.0,0.0,6.776263578034403e-21,8.52633672240713e-05,2.0218032932751774e-21
train-ticket-0.0.1,ts-notification-service,1.9167726128770384e-19,8.556740876117971e-19,0.0,0.0,3.178620581704526e-19,1.5501093284349403e-18,0.0,0.0,0.11799424665690263,1484680556943952.2,0.035205412795889054
train-ticket-0.0.1,ts-order-other-service,5.580102899748872e-20,0.048932448086859676,4.946718506840582e-19,0.0,9.253591065529644e-20,0.08864431603193716,7.489297683676726e-19,0.0,0.3272512756040135,4281164759513301.5,0.10151690335065705
train-ticket-0.0.1,ts-order-service,1.8294495704782895e-20,0.10190661873355222,1.0460977615863614e-19,0.0,3.033811115020266e-20,0.18461047566489877,1.5837847922646367e-19,0.0,0.3272512756040135,4281164759513301.5,0.10151690335065705
train-ticket-0.0.1,ts-payment-service,4.897729352908294e-22,1.222870117254364e-21,0.0,0.0,8.121997998189986e-22,2.21530884674903e-21,0.0,0.0,0.0,0.0,0.0
train-ticket-0.0.1,ts-preserve-other-service,0.07909112364393671,0.0156592823457058,0.11620605256263594,2.8210907733029666e-49,0.13115831880934858,0.028367809651012363,0.1759351616800241,0.1410414762386438,0.23463405081062447,1.7319923694959504e+16,0.41069781672729755
train-ticket-0.0.1,ts-preserve-service,0.07909112364393671,0.01943863768123228,0.1162060525626357,2.940543632972317e-49,0.13115831880934858,0.035214357940701616,0.17593516168002374,0.14701356612250358,0.23463405081062447,1.7319923694959508e+16,0.41069781672729766
train-ticket-0.0.1,ts-price-service,1.933788072470158e-21,2.619687562023938e-23,0.0,0.0,3.2068376428762582e-21,4.7457346041786416e-23,0.0,0.0,0.06050013585016836,761252162153264.6,0.018051153485524146
train-ticket-0.0.1,ts-rebook-service,0.07350915451789865,0.021771692410382355,0.09976112847673252,3.950912283599523e-49,0.12190163294516985,0.039440838503527205,0.15103766009498693,0.19752732036900816,0.17648099811979018,1.4735223553781436e+16,0.34940824504255047
train-ticket-0.0.1,ts-register-service,8.29083773288655e-19,0.0005734281840185174,1.4779907729570826e-20,0.0,1.374885433998856e-18,0.0010388024951362995,2.2376678311280705e-20,0.0,0.011910819158119344,674634510011139.1,0.015997236779461046
train-ticket-0.0.1,ts-route-plan-service,0.05067308490721722,0.012758576657930705,0.042650168276513814,9.664395788608055e-50,0.08403214316735147,0.023112992413045,0.06457206045583694,0.048317504061873955,0.046368064615313766,7228640044121748.0,0.17140876231991156
train-ticket-0.0.1,ts-route-service,1.4929665110742398e-23,7.863493748092124e-18,0.0,0.0,2.4758148400154585e-23,1.424523096992213e-17,0.0,0.0,0.16381884177220996,2061275495469674.0,0.04887789118316049
train-ticket-0.0.1,ts-seat-service,0.05064882604394363,0.025452694552940174,0.047389075705134606,2.537450875174123e-49,0.08399191423170613,0.04610921357971224,0.0717467336011249,0.12686079466297356,0.4000496886287178,1.2300218345648386e+16,0.29166830690466594
train-ticket-0.0.1,ts-security-service,8.452145825483948e-21,0.010403860943394539,8.656224013530262e-19,0.0,1.401635462650193e-20,0.018847271564699265,1.31054634227256e-18,0.0,0.16457017896167084,6690444594819556.0,0.15864682988337872
train-ticket-0.0.1,ts-sso-service,2.9932507973968937e-25,0.0,0.0,0.0,4.9637648862941075e-25,0.0,0.0,0.0,0.0,0.0,0.0
train-ticket-0.0.1,ts-station-food-service,3.13085730410923e-25,0.0,0.0,0.0,5.191960380884239e-25,0.0,0.0,0.0,0.0,0.0,0.0
train-ticket-0.0.1,ts-station-service,4.7821597177969707e-26,0.17599222212930468,0.0,0.0,7.930346668075484e-26,0.31882137043093056,0.0,0.0,0.046368064615313766,583433226177981.5,0.013834630938194838
train-ticket-0.0.1,ts-ticketinfo-service,5.273792789814205e-17,0.0011878763008686915,7.866998482082487e-19,0.0,8.745631168105457e-17,0.002151915269682361,1.191058141429988e-18,0.0,0.2406115950787769,3029537946298546.0,0.07183776569404932
train-ticket-0.0.1,ts-train-food-service,5.879793845201433e-27,0.0,0.0,0.0,9.750574276248706e-27,0.0,0.0,0.0,0.0,0.0,0.0
train-ticket-0.0.1,ts-train-service,2.756284578462272e-28,2.0352771449156102e-18,0.0,0.0,4.570799285881175e-28,3.687037078672689e-18,0.0,0.0,0.16381884177220996,2061275495469674.0,0.04887789118316049
train-ticket-0.0.1,ts-travel-plan-service,0.12236717366909133,0.013653172707041748,0.1191462575813305,4.634288263419069e-49,0.20292381795134595,0.02473361140920794,0.1803866117889384,0.23169295514116778,0.18440775100797382,1.1973096104911654e+16,0.2839114372763883
train-ticket-0.0.1,ts-travel-service,0.03581507361878194,0.02395873972726898,0.03350913678564642,2.329690840293911e-50,0.05939281966735097,0.0434028171315076,0.050732601857920105,0.011647375490508973,0.3257572257390182,1.1618171311686682e+16,0.27549530102503145
train-ticket-0.0.1,ts-travel2-service,0.03581507361878194,0.008363055486563629,0.03350913678564636,1.417656379431393e-49,0.05939281966735097,0.015150219589006239,0.05073260185792002,0.07087625483246422,0.3257572257390182,1.1618171311686682e+16,0.27549530102503145
train-ticket-0.0.1,ts-user-service,1.0987941500922489e-29,0.0,0.0,0.0,1.8221512959209885e-29,0.0,0.0,0.0,0.0,0.0,0.0
train-ticket-0.0.1,ts-verification-code-service,2.8147971717599977e-31,0.0,0.0,0.0,4.667831835332042e-31,0.0,0.0,0.0,0.0,0.0,0.0
train-ticket-0.0.2,ts-admin-basic-info-service,4.393630071974964e-18,0.017599222212930532,1.6712858227306813e-19,0.0,4.049710313126653e-18,0.017648759886515056,1.494855869443904e-19,0.0,0.0,0.128773021327401,0.15006947972757423
train-ticket-0.0.2,ts-admin-order-service,6.915406840420722e-21,0.015149202981491952,1.2383003058072027e-19,0.0,6.3740902038504564e-21,0.015191844426851479,1.1075786410044655e-19,0.0,0.0,0.07719157388500922,0.08995750206732948
train-ticket-0.0.2,ts-admin-route-service,4.779702206946648e-24,3.386952255664719e-20,3.792749915291095e-23,0.0,4.405561916696649e-24,3.3964857301136186e-20,3.392366760427783e-23,0.0,0.0,0.03343199975751893,0.03896097768108889
train-ticket-0.0.2,ts-admin-travel-service,0.09271652486105217,0.0032500589454041583,0.05985113819001964,0.0019897315593087805,0.08545896235599285,0.003259207097363374,0.05353292895769778,0.08578643762690454,0.0,0.13073833685409547,0.1523598187718194
train-ticket-0.0.2,ts-admin-user-service,3.475461786848463e-26,1.5290966714510334e-18,1.0257319842755884e-16,0.0,3.203413398604853e-26,1.5334007191454745e-18,9.174501789678569e-17,0.0,0.0,0.13547651933800003,0.15788160099673146
train-ticket-0.0.2,ts-assurance-service,3.4601585487628004e-26,6.036192296478868e-19,0.0,0.0,3.189308050615944e-26,6.053182758901503e-19,0.0,0.0,-0.12495703525608408,0.01293869165685452,0.015078490084991875
train-ticket-0.0.2,ts-auth-service,1.463999573086908e-32,9.859124824524068e-19,1.660093253785865e-22,0.0,1.3494022192173422e-32,9.886875943379054e-19,1.4848448484959865e-22,0.0,0.0,0.08011820711222241,0.09336814135523333
train-ticket-0.0.2,ts-basic-service,2.0964456021632387e-17,0.019554690007671054,8.777962271571077e-23,0.0,1.932342331263491e-17,0.019609731863437545,7.851313189491271e-23,0.0,-0.06024409460389557,0.030120150959918286,0.03510141594316323
train-ticket-0.0.2,ts-cancel-service,6.793907330756061e-19,0.016194245321154332,4.324155853177339e-20,0.0,6.262101299625838e-19,0.016239828315048097,3.8676746189056826e-20,0.0,-2.7755575615628914e-16,0.12645930191152105,0.1473731178235237
train-ticket-0.0.2,ts-config-service,4.56045586163376e-18,8.895423468887516e-19,0.0,0.0,4.20347749648286e-18,8.920461994957953e-19,0.0,0.0,-0.10332640529998528,0.029500379874712993,0.03437914723075584
train-ticket-0.0.2,ts-consign-price-service,6.246936405203928e-18,1.689166389444274e-18,0.0,0.0,5.7579455646407996e-18,1.6939209957682262e-18,0.0,0.0,-0.034122344681036296,0.029251483433771194,0.03408908834254186
train-ticket-0.0.2,ts-consign-service,1.4366957554369538e-17,3.839565495831073e-18,1.6669843798355272e-21,0.0,1.3242356598772552e-17,3.850372970157929e-18,1.4910085100805648e-21,0.0,-0.13366769919047444,0.346899662465479,0.40426986434920387
train-ticket-0.0.2,ts-contacts-service,1.0622655059025822e-17,1.0252251494966352e-18,0.0,0.0,9.791146509971587e-18,1.0281109172988676e-18,0.0,0.0,-0.12495703525608388,0.1024138673234813,0.11935105371992476
train-ticket-0.0.2,ts-execute-service,9.734446946179297e-18,0.015149202981491952,2.265965408585374e-20,0.0,8.972464578203839e-18,0.015191844426851479,2.0267578680505233e-20,0.0,0.0,0.11383759518201282,0.13266403557441225
train-ticket-0.0.2,ts-food-delivery-service,1.0993377177518664e-18,0.0,0.0,0.0,1.0132849648827282e-18,0.0,0.0,0.0,0.0,0.0,0.0
train-ticket-0.0.2,ts-food-map-service,7.973181420100936e-18,4.86586879215509e-19,0.0,0.0,7.349065464425508e-18,4.879565069014064e-19,0.0,0.0,-0.034122344681036185,0.09065707450368911,0.10564992468261397
train-ticket-0.0.2,ts-food-service,0.04635826243052612,0.025017037752681714,0.0342006498063036,0.0009948657796543903,0.04272948117799646,0.025087454833348694,0.030590244592762862,0.04289321881345227,-0.13366769919047441,0.07598750996352904,0.08855431027767763
train-ticket-0.0.2,ts-inside-payment-service,8.313458167543523e-19,0.01896048273318906,6.446009714386901e-21,0.0,7.66270640161438e-19,0.019013852035154665,5.7655341324560786e-21,0.0,-0.034027547427437896,0.022761760936117384,0.026526096741039323
train-ticket-0.0.2,ts-login-service,2.84812596784291e-20,0.0,0.0,0.0,2.6251834852069412e-20,0.0,0.0,0.0,-1.6940658945086007e-21,0.1448240077157423,0.1687749752699096
train-ticket-0.0.2,ts-notification-service,6.312300426245193e-20,5.17490795911753e-18,0.0,0.0,5.818193092489509e-20,5.1894741085874975e-18,0.0,0.0,-0.12495703525608388,0.2809386897837656,0.3274002782306777
train-ticket-0.0.2,ts-order-other-service,1.3703764122541324e-20,0.08897528421043506,3.817257287407127e-20,0.0,1.2631075895464427e-20,0.08922572872059463,3.414287002048955e-20,0.0,-0.3069223037725779,0.0485706615361371,0.05660326853883648
train-ticket-0.0.2,ts-order-service,3.488235397140517e-21,0.1858807581246076,3.008028454785008e-21,0.0,3.2151871302318163e-21,0.18640396876484006,2.6904847333311245e-21,0.0,-0.32616713391355723,0.1309293660264467,0.1525824403132885
train-ticket-0.0.2,ts-payment-service,1.867785154108461e-21,2.218685967366601e-20,0.0,0.0,1.7215807151232987e-21,2.2249310468313752e-20,0.0,0.0,0.0,0.08685344274480286,0.10121724900841297
train-ticket-0.0.2,ts-preserve-other-service,0.14471370118520838,0.028445045162963076,0.21104964488750783,0.003105294797146592,0.13338596070675438,0.02852511127868861,0.18877010509708728,0.13388347648318458,-0.24229114832341114,0.05226538248618528,0.06090902175481944
train-ticket-0.0.2,ts-preserve-service,0.14471370118520838,0.035357146806024115,0.21104964488750705,0.003105294797146592,0.13338596070675438,0.03545666886308809,0.18877010509708658,0.13388347648318458,-0.24720391880854345,0.12224963438033241,0.14246725625625212
train-ticket-0.0.2,ts-price-service,1.3856009691687104e-21,2.3764846122446606e-22,0.0,0.0,1.2771404152827333e-21,2.3831738578019743e-22,0.0,0.0,-0.030122047301947792,0.1397698948022592,0.16288501409953024
train-ticket-0.0.2,ts-rebook-service,0.11613131762381165,0.03385952005629691,0.10353364312022113,0.002401818457982532,0.10704091763618484,0.03395482664609865,0.09260407286307307,0.10355339059327413,-0.13112473316257658,0.08382228026072543,0.09768479343451825
train-ticket-0.0.2,ts-register-service,2.8637772093320483e-19,0.0,0.0,0.0,2.6396095959703603e-19,0.0,0.0,0.0,-0.004343232168284794,0.08457825589285994,0.0985657921765817
train-ticket-0.0.2,ts-route-plan-service,0.09271652486105217,0.023168252074686018,0.07695146497928135,0.0019897315593087805,0.08545896235599285,0.023233465258252536,0.06882805294108119,0.08578643762690454,-0.04801361895352506,0.10077627660739434,0.11744263855472445
train-ticket-0.0.2,ts-route-service,6.104558039928331e-24,6.145037657055399e-19,0.0,0.0,5.6267121369791224e-24,6.162334493582422e-19,0.0,0.0,-0.16875729778740253,0.1255256831784609,0.14628509739742812
train-ticket-0.0.2,ts-seat-service,0.0926378467333005,0.04643903070367183,0.08550162524067398,0.0019897315593088187,0.08538644290848502,0.04656974565895491,0.0764756121302962,0.08578643762690619,-0.4047612492979449,0.053430044962855826,0.06226629589602176
train-ticket-0.0.2,ts-security-service,6.916958162161678e-21,0.018960482733189055,9.772054251935674e-20,0.0,6.375520092928602e-21,0.01901385203515466,8.740463454158237e-20,0.0,-0.16161343493963187,0.029810254707851046,0.03474026910636567
train-ticket-0.0.2,ts-sso-service,1.0073450114535644e-25,0.0,0.0,0.0,9.284931628134193e-26,0.0,0.0,0.0,0.0,0.35082388990036295,0.4088430797899477
train-ticket-0.0.2,ts-station-food-service,1.2589193982185894e-25,0.0,0.0,0.0,1.1603750854858203e-25,0.0,0.0,0.0,0.0,0.0,0.0
train-ticket-0.0.2,ts-station-service,1.0976380993288717e-26,0.31930739666838015,0.0,0.0,1.0117183873276707e-26,0.32020617193230405,0.0,0.0,-0.04801361895352506,0.07418500672004481,0.08645370938186417
train-ticket-0.0.2,ts-ticketinfo-service,2.190717011205691e-16,0.002154805005515246,1.549814748355775e-19,0.0,2.019234466281265e-16,0.0021608702750885275,1.3862079373982035e-19,0.0,-0.23599461264428317,0.10869836214923084,0.12667487713518066
train-ticket-0.0.2,ts-train-food-service,2.2270447706441372e-27,0.0,0.0,0.0,2.0527186011858065e-27,0.0,0.0,0.0,0.0,0.0,0.0
train-ticket-0.0.2,ts-train-service,1.1692193826053933e-28,2.671225713321644e-18,0.0,0.0,1.0776965093732223e-28,2.678744585795445e-18,0.0,0.0,-0.16875729778740253,0.08345695932681016,0.09725905579226111
train-ticket-0.0.2,ts-travel-plan-service,0.22391815019608716,0.02480458235883855,0.2149693561000243,0.004803636915965038,0.2063905306751788,0.024874401427512495,0.19227603043485014,0.20710678118654713,-0.1880840849395827,0.14329952913440727,0.1669983787033421
train-ticket-0.0.2,ts-travel-service,0.06550925217432972,0.04373466208730928,0.06045877902167574,0.0014069526783281232,0.060381390738330085,0.0438577648806372,0.054076423943032366,0.060660171779821054,-0.3329934560051735,0.06814817073437124,0.07941850257975461
train-ticket-0.0.2,ts-travel2-service,0.06550925217432972,0.015232026799277548,0.06045877902167574,0.0014069526783281232,0.060381390738330085,0.015274901374215236,0.054076423943032366,0.060660171779821054,-0.32808068552004116,0.18097262556512816,0.21090184483939697
train-ticket-0.0.2,ts-user-service,3.807136614011284e-30,4.803661398757692e-17,7.754588557468486e-23,0.0,3.50912574720092e-30,4.817182576426975e-17,6.935972328966672e-23,0.0,1.0319140763097894e-19,0.2801934934616312,0.3265318414789043
train-ticket-0.0.2,ts-verification-code-service,3.3403788449847204e-32,8.632984730148836e-18,0.0,0.0,3.0789043311978226e-32,8.657284552859642e-18,0.0,0.0,0.0,0.04369989183135246,0.05092697184302908
train-ticket-0.0.3,ts-admin-basic-info-service,2.064579909553598e-18,0.022230600373736017,5.191230960717469e-21,0.0,1.4871114281994662e-18,0.01756079150441704,3.711305001446103e-21,0.0,0.0,0.16349892331438798,0.15232290033219392
train-ticket-0.0.3,ts-admin-order-service,3.7662301734034184e-21,0.019306179920249116,1.8610149921083264e-18,0.0,2.7128055960347313e-21,0.015250681251362025,1.3304733116754331e-18,0.0,0.0,0.06641786038380419,0.061877845568842835
train-ticket-0.0.3,ts-admin-route-service,2.473921001624356e-24,1.0165038072668051e-20,6.5099811745533955e-22,0.0,1.781958730177569e-24,8.0297477903241e-21,4.654103405389772e-22,0.0,0.0,0.1324011768533014,0.12335085061637124
train-ticket-0.0.3,ts-admin-travel-service,0.11901345637856234,0.004150047685747401,0.07481392554004,0.017443815404995563,0.08572507669531015,0.0032782795299086584,0.05348582988035508,0.08439972424814894,0.0,0.051902497854711106,0.04835468544653922
train-ticket-0.0.3,ts-admin-user-service,1.1990876281235605e-26,3.4079171146937925e-19,4.534179140545414e-17,0.0,8.636996354288343e-27,2.6920425408832386e-19,3.2415667592322e-17,0.0,0.0,0.1162644211790056,0.10831712821359858
train-ticket-0.0.3,ts-assurance-service,1.1938591746825543e-26,5.990940488198178e-19,0.0,0.0,8.59933594294776e-27,4.732470336379765e-19,0.0,0.0,-0.12732202329702036,0.17149822282355992,0.1597754050775615
train-ticket-0.0.3,ts-auth-service,9.563764747288615e-33,1.1361147399215446e-17,2.6337830124639573e-21,0.0,6.888754359417956e-33,8.974599757741184e-18,1.8829391604511306e-21,0.0,0.0,0.06266910336496016,0.058385336075963856
train-ticket-0.0.3,ts-basic-service,1.1777937449222431e-16,0.024700642843273283,1.3933073543595737e-21,0.0,8.483617078858551e-17,0.01951197141343313,9.961006535666933e-22,0.0,-0.060528410742738625,0.45608494231304025,0.42490910522619973
train-ticket-0.0.3,ts-cancel-service,1.1167859074444877e-19,0.02063839161207914,7.167834271844864e-21,0.0,8.044179245025698e-20,0.016303045621494514,5.124414495123527e-21,0.0,0.0,0.151151186104483,0.14081919678341975
train-ticket-0.0.3,ts-config-service,1.573494969787738e-18,9.895624504251074e-18,0.0,0.0,1.1333842497245185e-18,7.81692782937419e-18,0.0,0.0,-0.10424896185810964,0.14528260031995407,0.1353517601212906
train-ticket-0.0.3,ts-consign-price-service,2.1553816785874658e-18,2.599246084112779e-17,0.0,0.0,1.5525157013913862e-18,2.0532427277899018e-17,0.0,0.0,-0.034981535926471484,0.11529916146697093,0.10741784914845014
train-ticket-0.0.3,ts-consign-service,5.8010499256130525e-18,1.3631187651454623e-17,2.6477834886513325e-20,0.0,4.178480861900916e-18,1.0767790355656965e-17,1.8929483543571656e-20,0.0,-0.13630006629466265,0.13953454242815333,0.12999661262791626
train-ticket-0.0.3,ts-contacts-service,3.665136733760518e-18,4.273123808061565e-18,0.0,0.0,2.6399882598234843e-18,3.375502010939113e-18,0.0,0.0,-0.1273220232970203,0.18084988744166847,0.16848783356753488
train-ticket-0.0.3,ts-execute-service,3.3572979104331246e-18,0.019306179920249116,1.311374644498552e-20,0.0,2.4182527725724117e-18,0.015250681251362025,9.375254758891397e-21,0.0,-8.673617379884035e-19,0.08757665813965132,0.08159032670558759
train-ticket-0.0.3,ts-food-delivery-service,3.7930470581292785e-19,0.0,0.0,0.0,2.7321217269144304e-19,0.0,0.0,0.0,0.0,0.0,0.0
train-ticket-0.0.3,ts-food-map-service,2.750988330635744e-18,1.7640228789617233e-17,0.0,0.0,1.9815295917591026e-18,1.393468348388213e-17,0.0,0.0,-0.034981535926471595,0.0223566462100262,0.02082845026363707
train-ticket-0.0.3,ts-food-service,0.05950672818928118,0.031645983620325294,0.042750805254824116,0.008721907702497781,0.042862538347655084,0.024998358612270573,0.030563324683236373,0.04219986212407447,-0.13630006629466268,0.06556232676159499,0.06108079223035674
train-ticket-0.0.3,ts-inside-payment-service,2.8796726016681073e-19,0.024170673111728987,1.007207443380176e-21,0.0,2.074220530577316e-19,0.01909332829076261,7.200708368394307e-22,0.0,-0.02825943641187567,0.05164014601785817,0.04811026675627007
train-ticket-0.0.3,ts-login-service,9.826894546715723e-21,0.0,0.0,0.0,7.078286055438621e-21,0.0,0.0,0.0,0.0,0.0213832326546323,0.019921574713789192
train-ticket-0.0.3,ts-notification-service,2.1779342394353436e-20,5.318446381944025e-17,0.0,0.0,1.568760251101886e-20,4.201241823009041e-17,0.0,0.0,-0.1273220232970203,0.051186488189065134,0.04768761885841642
train-ticket-0.0.3,ts-order-other-service,4.728210908080627e-21,0.11294192528828254,2.404584681920361e-21,0.0,3.405717765540204e-21,0.08921709574871277,1.719081124292404e-21,0.0,-0.29974783685712175,0.035583113017604855,0.03315081755778659
train-ticket-0.0.3,ts-order-service,1.2035480181249301e-21,0.237335261701085,1.8951010773603923e-22,0.0,8.669124425062304e-22,0.1874800939835607,1.3548420711532868e-22,0.0,-0.324057729264524,0.058603714517978224,0.054597838228288745
train-ticket-0.0.3,ts-payment-service,6.444422737118674e-22,1.0078233181990365e-19,0.0,0.0,4.641900590125289e-22,7.961177326138367e-20,0.0,0.0,-3.308722450212111e-24,0.06309454072279343,0.05878169252248442
train-ticket-0.0.3,ts-preserve-other-service,0.18574962331997352,0.03602138085381033,0.26461967607111553,0.027223867946455843,0.13379496058479276,0.02845465026766868,0.18918139738249037,0.13171928814328557,-0.24492556577376257,0.05835401728838,0.05436520913540977
train-ticket-0.0.3,ts-preserve-service,0.18574962331997352,0.04488963051034563,0.264619676071116,0.027223867946455843,0.13379496058479276,0.035460015872257715,0.18918139738249068,0.13171928814328557,-0.25116472176052324,0.0430107221223246,0.04007070998539109
train-ticket-0.0.3,ts-price-service,4.780741709314386e-22,1.1397739651195669e-21,0.0,0.0,3.443555562220153e-22,9.003505360689316e-22,0.0,0.0,-0.01513210268568465,0.017893231227417896,0.01667013348848779
train-ticket-0.0.3,ts-rebook-service,0.14498936846323243,0.042995472800286816,0.12903239994616392,0.02439748671285451,0.10443545721401329,0.033963749101967304,0.09224759886287302,0.11804419521219545,-0.10965515957479756,0.09034141137073107,0.08416609431508482
train-ticket-0.0.3,ts-register-service,9.880896055558872e-20,0.0,0.0,0.0,7.117183198905461e-20,0.0,0.0,0.0,-0.001813202511521081,0.23126870978586278,0.21546026063382043
train-ticket-0.0.3,ts-route-plan-service,0.11901345637856234,0.029315133037365736,0.09618935812580101,0.017443815404995563,0.08572507669531015,0.023157131635618174,0.06876751363973933,0.08439972424814894,-0.04870687604831743,0.16122152728880002,0.1502011764652084
train-ticket-0.0.3,ts-route-service,2.106256843622513e-24,1.8450367305803068e-19,0.0,0.0,1.5171312131733496e-24,1.4574642519322538e-19,0.0,0.0,-0.17062699115827085,0.012762013804760414,0.011889662129961776
train-ticket-0.0.3,ts-seat-service,0.11878254055715617,0.059336143110554525,0.10687702465134974,0.017443815404995563,0.08555874864214247,0.04687186222247697,0.07640831993986492,0.08439972424814894,-0.4061897236952789,0.16030292534665222,0.14934536586265365
train-ticket-0.0.3,ts-security-service,3.766765426254449e-21,0.02417067311172902,9.106764842766674e-22,0.0,2.713191137242442e-21,0.019093328290762636,6.510591064760166e-22,0.0,-0.1601002656538848,0.0403532341626708,0.03759487549421234
train-ticket-0.0.3,ts-sso-service,3.4756444453233086e-26,0.0,0.0,0.0,2.5034974674900585e-26,0.0,0.0,0.0,0.0,0.11753620289152007,0.10950197686649855
train-ticket-0.0.3,ts-station-food-service,4.3436520395474353e-26,0.0,0.0,0.0,3.128721033389101e-26,0.0,0.0,0.0,0.0,0.0,0.0
train-ticket-0.0.3,ts-station-service,3.787182861413803e-27,0.40333572960385844,0.0,0.0,2.7278977615874213e-27,0.31861013804302185,0.0,0.0,-0.04870687604831743,0.10439128014584503,0.09725557966292965
train-ticket-0.0.3,ts-ticketinfo-service,1.0903008658614156e-16,0.002720226429221493,8.395468042314593e-21,0.0,7.853408193577075e-17,0.00214880967518987,6.002072104034603e-21,0.0,-0.23583945582854374,0.13605862537333444,0.12675829303307673
train-ticket-0.0.3,ts-train-food-service,7.683976888321973e-28,0.0,0.0,0.0,5.534748154705671e-28,0.0,0.0,0.0,0.0,0.0,0.0
train-ticket-0.0.3,ts-train-service,4.0341599018323214e-29,2.0353790159032126e-18,0.0,0.0,2.905794668173456e-29,1.6078228176405745e-18,0.0,0.0,-0.17062699115827085,0.5560320396116244,0.5180242856303546
train-ticket-0.0.3,ts-travel-plan-service,0.28748774714798087,0.031416758699458834,0.2687118063351869,0.04211309573027297,0.20707666110318793,0.02481728518306584,0.1921069353966029,0.20375895894043033,-0.18977870063640428,0.24827320594076654,0.23130240882963454
train-ticket-0.0.3,ts-travel-service,0.08401149949196611,0.05590055743022572,0.07557346923037807,0.012334640162638737,0.06051326006639757,0.04415796323578596,0.05402884141617372,0.05967961734614086,-0.3355302282206044,0.20252817294064648,0.18868429269090264
train-ticket-0.0.3,ts-travel2-service,0.08401149949196608,0.0193948679330628,0.07557346923037807,0.012334640162638737,0.060513260066397546,0.015320739264900976,0.05402884141617372,0.05967961734614086,-0.3292910722338438,0.09074994035973653,0.08454669816992143
train-ticket-0.0.3,ts-user-service,1.31755730898939e-30,6.183075184753289e-18,1.1620169320692792e-21,0.0,9.490330320658341e-31,4.884244795469721e-18,8.307469431407724e-22,0.0,3.915264684818872e-18,0.3049179127549641,0.28407514797369754
train-ticket-0.0.3,ts-verification-code-service,1.1525315602738577e-32,7.976059032146526e-19,0.0,0.0,8.301654233448407e-33,6.300590507484724e-19,0.0,0.0,0.0,0.1805641869880374,0.1682216622629103
train-ticket-0.0.4,ts-admin-basic-info-service,6.339068870889167e-19,0.022734350747455362,3.2652139973521166e-22,0.0,4.345094882674217e-19,0.017390710552782546,2.3244718430282625e-22,0.0,0.0,0.15876847446523915,0.17358066165873295
train-ticket-0.0.4,ts-admin-order-service,1.774844686045298e-21,0.02009023055808741,1.3012910779708918e-17,0.0,1.2165617253808481e-21,0.015368082794863685,9.263755676596289e-18,0.0,0.0,0.10207422637460911,0.11159716569731953
train-ticket-0.0.4,ts-admin-route-service,1.1376432920292508e-24,3.068587792460156e-21,1.0343605965598997e-20,0.0,7.797940276694896e-25,2.3473255382254373e-21,7.363505375730882e-21,0.0,0.0,0.10142485371625262,0.1108872102979226
train-ticket-0.0.4,ts-admin-travel-service,0.12525366221392797,0.00432827603408694,0.07513181836192526,0.026164793582594915,0.08585473005684573,0.0033109278790280226,0.05348555912091293,0.08562658665797077,0.0,0.09910849274825764,0.10835474614961298
train-ticket-0.0.4,ts-admin-user-service,4.1363908951849834e-27,9.817454158309247e-20,1.0730846386774644e-16,0.0,2.835276170282002e-27,7.509891332677599e-20,7.639177799111139e-17,0.0,0.0,0.036109655648712095,0.03947847921877434
train-ticket-0.0.4,ts-assurance-service,4.1185324354734634e-27,5.230395785145692e-19,0.0,0.0,2.8230351450643527e-27,4.0010071185403722e-19,0.0,0.0,-0.12812593206369938,0.43490644905014086,0.4754807239915982
train-ticket-0.0.4,ts-auth-service,4.852593177742281e-33,2.254734160650997e-19,4.18426383940937e-20,0.0,3.326194779352548e-33,1.7247657343256873e-19,2.9787338552375895e-20,0.0,5.551115123125783e-17,0.10401482157399021,0.11371880728803774
train-ticket-0.0.4,ts-basic-service,3.003023048284709e-17,0.025259951291011887,2.2127746187887583e-20,0.0,2.0584127330713703e-17,0.019322676348192732,1.5752512088068798e-20,0.0,-0.06076269196946976,0.08850774829148023,0.09676501309284397
train-ticket-0.0.4,ts-cancel-service,3.915256706844953e-21,0.02147743481416501,4.4116671165702155e-20,0.0,2.683700434206144e-21,0.016429228897649743,3.1406198802274964e-20,0.0,1.6653345369377348e-16,0.14352079511573834,0.15691046136134318
train-ticket-0.0.4,ts-config-service,5.428186345218024e-19,9.08126740034846e-19,0.0,0.0,3.720733311342071e-19,6.946743039475496e-19,0.0,0.0,-0.1045819926371408,0.1538550469043257,0.16820883951388804
train-ticket-0.0.4,ts-consign-price-service,7.435558181682628e-19,1.6174019218824543e-18,0.0,0.0,5.096680042935673e-19,1.2372365053847111e-18,0.0,0.0,-0.035281266889063044,0.08675735844790353,0.09485132192567657
train-ticket-0.0.4,ts-consign-service,2.292052109075594e-18,3.902166666020697e-18,4.2055871717719695e-19,0.0,1.5710799318970098e-18,2.9849742256254273e-18,2.9939137135000467e-19,0.0,-0.13719867147108902,0.057003567796628844,0.06232167342020806
train-ticket-0.0.4,ts-contacts-service,1.2643856862306808e-18,1.060873968836331e-18,0.0,0.0,8.666692043995485e-19,8.115187598695469e-19,0.0,0.0,-0.12812593206369902,0.04359319403612671,0.047660188775480825
train-ticket-0.0.4,ts-execute-service,1.1577129721643365e-18,0.02009023055808741,1.7923420820236321e-19,0.0,7.935507269936345e-19,0.015368082794863685,1.2759496639782726e-19,0.0,-1.734723475976807e-18,0.058303532758488014,0.06374291765003838
train-ticket-0.0.4,ts-food-delivery-service,1.308511729746348e-19,0.0,0.0,0.0,8.969152625790192e-20,0.0,0.0,0.0,0.0,0.0,0.0
train-ticket-0.0.4,ts-food-map-service,9.490260584834017e-19,4.860774700848817e-19,0.0,0.0,6.505069363069249e-19,3.718264349124269e-19,0.0,0.0,-0.03528126688906293,0.030316298964424195,0.033144635614930265
train-ticket-0.0.4,ts-food-service,0.062626831106964,0.03244559203263884,0.042932319292387874,0.013082396791297458,0.04292736502842288,0.024819354026041223,0.030563071036686148,0.04281329332898538,-0.13719867147108902,0.24304516055520203,0.2657198787367677
train-ticket-0.0.4,ts-inside-payment-service,9.973053875708333e-20,0.025168417916218714,1.783350753469622e-22,0.0,6.835998510597692e-20,0.01925265761554317,1.2695488308101675e-22,0.0,-0.025799995398289678,0.07197493338995371,0.07868978147426062
train-ticket-0.0.4,ts-login-service,3.39004673154917e-21,0.0,0.0,0.0,2.323696903329999e-21,0.0,0.0,0.0,-1.6940658945086007e-21,0.03308482515255024,0.03617144940257338
train-ticket-0.0.4,ts-notification-service,7.51335919483786e-21,5.1739870881308306e-18,0.0,0.0,5.1500085034734824e-21,3.95785711468311e-18,0.0,0.0,-0.12812593206369902,0.06512416716003212,0.07119987808465887
train-ticket-0.0.4,ts-order-other-service,1.6311206798045308e-21,0.11674969511224816,1.5106430563492934e-22,0.0,1.118046555920858e-21,0.08930803335344756,1.07541106102009e-22,0.0,-0.2971945017321646,0.12751489709263714,0.13941130494096454
train-ticket-0.0.4,ts-order-service,4.151961769120746e-22,0.24775273234487086,1.2531364534079158e-23,0.0,2.845949177001924e-22,0.1895192039892722,8.920947918822966e-24,0.0,-0.32278553700959467,0.11019418872504232,0.1204746739191472
train-ticket-0.0.4,ts-payment-service,2.2231737740578404e-22,2.218619329376205e-20,0.0,0.0,1.5238674931132707e-22,1.6971395846133284e-20,0.0,0.0,1.6543612251060553e-24,0.060922385043556425,0.06660609381873166
train-ticket-0.0.4,ts-preserve-other-service,0.19542235659763607,0.03702849890273786,0.2657566386744148,0.04083435124719614,0.1339516416223159,0.028325062535318593,0.18918938366596014,0.13363400344254842,-0.2458319725371615,0.0681191579296195,0.0744742842991029
train-ticket-0.0.4,ts-preserve-service,0.19542235659763607,0.046356530231949244,0.2657566386744161,0.04083435124719614,0.1339516416223159,0.03546056839056102,0.18918938366596108,0.13363400344254842,-0.25241282449373975,0.08849404098684133,0.09675002697537453
train-ticket-0.0.4,ts-price-service,1.649243077657597e-22,2.3778640894112614e-22,0.0,0.0,1.130468496710105e-22,1.8189543467580952e-22,0.0,0.0,-0.008397197505386695,0.021866036356223282,0.02390601201750629
train-ticket-0.0.4,ts-rebook-service,0.15131481499945212,0.04441523616292671,0.129561513543192,0.03215308384213267,0.10371826552417505,0.033975569604924566,0.09223349232714861,0.10522379285119993,-0.1002020317975677,0.2625742681567795,0.2870709399628966
train-ticket-0.0.4,ts-register-service,3.408675977816371e-20,0.0,0.0,0.0,2.3364662617755935e-20,0.0,0.0,0.0,-0.0009168773745014049,0.06822797476581986,0.07459325312141404
train-ticket-0.0.4,ts-route-plan-service,0.12525366221392797,0.030072893898326115,0.09659845384931823,0.026164793582594915,0.08585473005684573,0.023004351392303012,0.06876743338565051,0.08562658665797077,-0.0489996934658836,0.08160788705397072,0.08922143441329593
train-ticket-0.0.4,ts-route-service,7.266089093132673e-25,5.567438810992254e-20,0.0,0.0,4.980517987525383e-25,4.258829203342492e-20,0.0,0.0,-0.17136506777898128,0.08988313061201286,0.09826871068794839
train-ticket-0.0.4,ts-seat-service,0.12458341718350796,0.06205745353323136,0.10733098111731068,0.026164793582594936,0.08539531270216295,0.04747103728748338,0.07640780778659707,0.08562658665797084,-0.4066892069021093,0.0734389864412424,0.08029042227025074
train-ticket-0.0.4,ts-security-service,1.775029335648443e-21,0.025168417916218728,9.023506330689411e-20,0.0,1.2166882928723921e-21,0.019252657615543182,6.423740192245937e-20,0.0,-0.1594307071504646,0.1550401115212227,0.16950446385620277
train-ticket-0.0.4,ts-sso-service,1.1990153182048008e-26,0.0,0.0,0.0,8.218612905918634e-27,0.0,0.0,0.0,0.0,0.11877875264447019,0.12986012836912506
train-ticket-0.0.4,ts-station-food-service,1.4984574556746498e-26,0.0,0.0,0.0,1.027112964879915e-26,0.0,0.0,0.0,0.0,0.0,0.0
train-ticket-0.0.4,ts-station-service,1.3064887203257744e-27,0.41247540739512284,0.0,0.0,8.955285971144265e-28,0.31552431383828006,0.0,0.0,-0.0489996934658836,0.09915775870429938,0.10840860833652242
train-ticket-0.0.4,ts-ticketinfo-service,3.7637456118409036e-17,0.0027758255872783887,1.4046881762585907e-20,0.0,2.5798476291682145e-17,0.002123376201485292,9.999828852245682e-21,0.0,-0.2362885845179891,0.07263668871766812,0.07941327477497888
train-ticket-0.0.4,ts-train-food-service,2.6507907062319442e-28,0.0,0.0,0.0,1.8169761785650386e-28,0.0,0.0,0.0,0.0,0.0,0.0
train-ticket-0.0.4,ts-train-service,1.391689971306768e-29,4.729612356942564e-19,0.0,0.0,9.539295274679452e-30,3.6179313163653066e-19,0.0,0.0,-0.17136506777898128,0.08248044846706906,0.09017540079694755
train-ticket-0.0.4,ts-travel-plan-service,0.30266423815778487,0.03229355736994959,0.2698549041005859,0.06316739952379315,0.2074602531023479,0.024703054649727847,0.19210689614634158,0.20672086680938806,-0.1905456759007055,0.4041605825577292,0.44186644466442393
train-ticket-0.0.4,ts-travel-service,0.08818047503748747,0.058383500264643284,0.07589447498959515,0.01850130297059914,0.06044303014228402,0.04466063559234739,0.054028486432370966,0.06054714007570873,-0.33648508859848564,0.10945073223453028,0.11966185720618058
train-ticket-0.0.4,ts-travel2-service,0.08818047503748745,0.02014556970135894,0.07589447498959515,0.01850130297059914,0.06044303014228401,0.015410414640341255,0.054028486432370966,0.06054714007570873,-0.3299042366419073,0.0592097749243207,0.0647337070072966
train-ticket-0.0.4,ts-user-service,4.564982912670228e-31,1.7812069726990593e-18,1.2301381857936244e-20,0.0,3.129053224903107e-31,1.362539675793229e-18,8.757225646557807e-21,0.0,5.910515574962773e-19,0.08030378071794647,0.08779566244286614
train-ticket-0.0.4,ts-verification-code-service,3.975961917917879e-33,5.191562326619164e-20,0.0,0.0,2.725310630807089e-33,3.971301346666772e-20,0.0,0.0,0.0,0.23831532777666556,0.2605487797134961
train-ticket-0.1.0,ts-admin-basic-info-service,3.8814268212699e-19,0.019016940365776325,2.0625866146861306e-23,0.0,3.0155669969010243e-19,0.01703285724830188,1.817519300362364e-23,0.0,0.0,0.1888003147141273,0.15265621963141918
train-ticket-0.1.0,ts-admin-order-service,7.741520134891343e-22,0.017447780525062864,1.5832994819734258e-19,0.0,6.014559516282523e-22,0.015627411627052522,1.3951789206090325e-19,0.0,0.0,0.21146057966932133,0.1709783839198848
train-ticket-0.1.0,ts-admin-route-service,4.8915840037520155e-25,9.213425835921747e-22,2.9144508472440163e-19,0.0,3.800380623808193e-25,8.252166963382344e-22,2.5681688357264515e-19,0.0,0.0,0.06298418359125794,0.05092643716283619
train-ticket-0.1.0,ts-admin-travel-service,0.11085747366022684,0.00375665798356874,0.06074419113895861,0.03139812409610516,0.08612764179854644,0.00336471682268999,0.05352683809438868,0.09294743612587653,0.0,0.14987183063839643,0.12118023812163674
train-ticket-0.1.0,ts-admin-user-service,1.4250270833238379e-27,1.0761687747896118e-19,2.6602900614676743e-17,0.0,1.1071352984456218e-27,9.638894987050195e-20,2.3442062974967244e-17,0.0,0.0,0.404956671961563,0.327431417419916
train-ticket-0.1.0,ts-assurance-service,1.4189352507831754e-27,5.837466596572244e-20,0.0,0.0,1.102402417985374e-27,5.228429669479415e-20,0.0,0.0,-0.1284613938344723,0.2118684632092277,0.17130818188312583
train-ticket-0.1.0,ts-auth-service,2.198560065720705e-33,6.337415960721638e-21,6.552824530340507e-19,0.0,1.7081103110228872e-33,5.676218114263145e-21,5.774247234506645e-19,0.0,0.0,0.07065671108654906,0.057130129377135346
train-ticket-0.1.0,ts-basic-service,1.3289547960351108e-17,0.02112200345496891,1.9605909056529238e-19,0.0,1.0324945974340558e-17,0.01891829404345602,1.727642265186216e-19,0.0,-0.06090371564634467,0.2863623451102787,0.23154089078460582
train-ticket-0.1.0,ts-cancel-service,1.5917016508324465e-20,0.01865466251229851,2.2753046087944467e-20,0.0,1.2366284843656562e-20,0.016708376714429367,2.0049630940306675e-20,0.0,5.551115123125783e-17,0.20173289999446245,0.16311297963177301
train-ticket-0.1.0,ts-config-service,1.8701430846360046e-19,1.7578977663807457e-18,0.0,0.0,1.4529558394884038e-19,1.5744920652828502e-18,0.0,0.0,-0.10472871513598157,0.2056587091436468,0.16628722849156094
train-ticket-0.1.0,ts-consign-price-service,2.561731825240765e-19,8.942494799648482e-20,0.0,0.0,1.990266544450691e-19,8.009502813618174e-20,0.0,0.0,-0.0354086021168545,0.04731711316966012,0.03825868421506323
train-ticket-0.1.0,ts-consign-service,8.89146061401113e-19,4.405229394303165e-19,9.52402156995061e-18,0.0,6.907973901485239e-19,3.9456212185543173e-19,8.39241993388327e-18,0.0,-0.1375747595967983,0.12226962648498271,0.09886222373731272
train-ticket-0.1.0,ts-contacts-service,4.356118226302474e-19,1.804895938902561e-19,0.0,0.0,3.384365328196233e-19,1.6165868054512415e-19,0.0,0.0,-0.12846139383447214,0.30296606971208917,0.24496598402849923
train-ticket-0.1.0,ts-execute-service,3.986977865857994e-19,0.017447780525062864,2.153247792339996e-17,0.0,3.0975719556971164e-19,0.015627411627052522,1.8974085224712527e-17,0.0,8.673617379884035e-19,0.19820076872717265,0.16025704262063598
train-ticket-0.1.0,ts-food-delivery-service,4.508143246851604e-20,0.0,0.0,0.0,3.502476954611276e-20,0.0,0.0,0.0,0.0,0.0,0.0
train-ticket-0.1.0,ts-food-map-service,3.269627104779885e-19,2.687270133064723e-20,0.0,0.0,2.540246162910115e-19,2.4069007781340902e-20,0.0,0.0,-0.035408602116854586,0.06312192382034901,0.051037808283673804
train-ticket-0.1.0,ts-food-service,0.05542873683011342,0.02725909051815009,0.034708610170310836,0.015699062048052582,0.04306382089927322,0.02441508405578027,0.030584688383082995,0.04647371806293827,-0.1375747595967983,0.3903461136976341,0.3156179170311421
train-ticket-0.1.0,ts-inside-payment-service,3.4492543553709164e-20,0.021896782753674238,1.2027251766460624e-22,0.0,2.6798025769736326e-20,0.019612238754853264,1.0598227516950108e-22,0.0,-0.02461214389218847,0.09495493782451066,0.0767766826319893
train-ticket-0.1.0,ts-login-service,1.1679540915511682e-21,0.0,0.0,0.0,9.074095621426404e-22,0.0,0.0,0.0,0.0,0.09330595054194063,0.0754433788969898
train-ticket-0.1.0,ts-notification-service,2.5885361789376663e-21,8.581366711098331e-19,0.0,0.0,2.0110914441856785e-21,7.686052086933638e-19,0.0,0.0,-0.12846139383447214,0.020356835016527124,0.016459704963886896
train-ticket-0.1.0,ts-order-other-service,5.61960831251169e-22,0.10027626762954878,9.044274475480724e-24,0.0,4.365998933654127e-22,0.08981420349828678,7.96967424297105e-24,0.0,-0.29609125825543253,0.07630534686172184,0.06169738544775325
train-ticket-0.1.0,ts-order-service,1.4304542225262807e-22,0.21628348198289707,8.592848674531641e-25,0.0,1.111351763838397e-22,0.1937181062212354,7.57188483618226e-25,0.0,-0.3220859438432756,0.20471402211783893,0.16552339316473408
train-ticket-0.1.0,ts-payment-service,7.659377912037007e-23,1.22657090385786e-21,0.0,0.0,5.950741392768196e-23,1.0985998119828815e-21,0.0,0.0,0.0,0.08755113030193887,0.07079026640707026
train-ticket-0.1.0,ts-preserve-other-service,0.17266779862873735,0.031341164764835484,0.21441998046196825,0.049001801745391635,0.13414946073928966,0.02807126568034327,0.18894355761745882,0.14505936163070446,-0.2462134234933336,0.06692355843384531,0.05411165468798212
train-ticket-0.1.0,ts-preserve-service,0.1726677986287373,0.03957483085676031,0.21441998046196767,0.04900180174539165,0.1341494607392896,0.03544589358980057,0.18894355761745832,0.1450593616307045,-0.25290386207254895,0.06767350346836366,0.054718029598290245
train-ticket-0.1.0,ts-price-service,5.682046157612636e-23,2.65385312374641e-23,0.0,0.0,4.414508286970346e-23,2.3769702457542163e-23,0.0,0.0,-0.005075309637195389,0.19384336564478677,0.1567338245424537
train-ticket-0.1.0,ts-rebook-service,0.1330020649469509,0.03794561037334497,0.10475058264297778,0.009702698285265347,0.10333226827202943,0.03398665359712733,0.09230458702786963,0.02872276465810335,-0.0955827663785074,0.20202549140730827,0.1633495570921935
train-ticket-0.1.0,ts-register-service,1.1743723229571798e-20,0.0,0.0,0.0,9.123960291553327e-21,0.0,0.0,0.0,-0.0005278836593254336,0.023415978296789694,0.0189332032161692
train-ticket-0.1.0,ts-route-plan-service,0.11085747366022683,0.02530094855460546,0.07810605421187115,0.03139812409610516,0.08612764179854643,0.02266123975194114,0.06882584226739358,0.09294743612587653,-0.04914042514111529,0.1274657677637243,0.1030636112481573
train-ticket-0.1.0,ts-route-service,2.503345575422634e-25,1.6716156294819024e-20,0.0,0.0,1.9449049658014326e-25,1.497211951205128e-20,0.0,0.0,-0.17170765427182164,0.13482729480530745,0.10901584120383363
train-ticket-0.1.0,ts-seat-service,0.10891460155374462,0.05447943744635416,0.08677443028716647,0.03139812409610517,0.08461818116118461,0.04879546673351842,0.07646428067646183,0.09294743612587657,-0.4069075576653643,0.1516512477268996,0.1226190020680303
train-ticket-0.1.0,ts-security-service,7.742156297978683e-22,0.02189678275367424,1.4413729610227865e-18,0.0,6.015053765562277e-22,0.019612238754853267,1.2701154739521153e-18,0.0,-0.15910469806362187,0.040600642549311006,0.032828020523000705
train-ticket-0.1.0,ts-sso-service,4.130901304979559e-27,0.0,0.0,0.0,3.2093892829534598e-27,0.0,0.0,0.0,0.0,0.3720607311681541,0.3008331039036249
train-ticket-0.1.0,ts-station-food-service,5.1625527756981204e-27,0.0,0.0,0.0,4.010902301402035e-27,0.0,0.0,0.0,0.0,0.0,0.0
train-ticket-0.1.0,ts-station-service,4.501173486103012e-28,0.34502943637659494,0.0,0.0,3.4970619921612374e-28,0.3090316856038944,0.0,0.0,-0.04914042514111529,0.2299431434874592,0.18592262978009708
train-ticket-0.1.0,ts-ticketinfo-service,5.64301420131866e-17,0.0023002925536734636,1.221038969238132e-19,0.0,4.384183490279708e-17,0.0020602975001469135,1.0759605813802794e-19,0.0,-0.2366321610479255,0.19212584990897888,0.1553451115004076
train-ticket-0.1.0,ts-train-food-service,9.132622929285094e-29,0.0,0.0,0.0,7.095338278639327e-29,0.0,0.0,0.0,0.0,0.0,0.0
train-ticket-0.1.0,ts-train-service,4.794712654051461e-30,1.0988656433423914e-19,0.0,0.0,3.7251191134013894e-30,9.8421834838363e-20,0.0,0.0,-0.17170765427182164,0.0729927981518964,0.05901899391989713
train-ticket-0.1.0,ts-travel-plan-service,0.2679371183656285,0.027297627909397413,0.2181941238104307,0.07580177702589055,0.20816631836531757,0.024449600748329768,0.1922692741373484,0.2243949608828981,-0.1909276777705732,0.1927443518861105,0.1558452069256003
train-ticket-0.1.0,ts-travel-service,0.07739847889184592,0.05076822147104583,0.06135910096896602,0.02220182646489272,0.06013260311326151,0.045471450845094845,0.05406868708926886,0.06572376237851084,-0.33691725892303775,0.27604641095899884,0.22319984796438855
train-ticket-0.1.0,ts-travel2-service,0.07739847889184592,0.01738982928789636,0.06135910096896605,0.022201826464892715,0.06013260311326151,0.015575506581812124,0.054068687089268895,0.06572376237851084,-0.33022682034382245,0.15378464206673542,0.12434397755546804
train-ticket-0.1.0,ts-user-service,1.5813889658489986e-31,1.95252179612284e-18,1.1163369834947385e-19,0.0,1.2286163295788896e-31,1.748810501998999e-18,9.836988171857896e-20,0.0,2.7252092961170813e-18,0.10618369029313653,0.08585579304360519
train-ticket-0.1.0,ts-verification-code-service,1.3698162171828478e-33,1.4431313792324602e-19,0.0,0.0,1.064240746140081e-33,1.292566012209191e-19,0.0,0.0,0.0,0.37000433087404055,0.2991703826553916
train-ticket-0.2.0,ts-admin-basic-info-service,1.6385977094916703e-19,0.011768592890204146,1.3039653155561134e-24,0.0,1.7974410407202165e-19,0.016077939688496252,2.0692208031115414e-24,0.0,0.0,0.16719579151161462,0.09825782619347183
train-ticket-0.2.0,ts-admin-order-service,3.17026594741086e-22,0.011985689974008779,9.957789216842546e-21,0.0,3.477587018989426e-22,0.016374531970387886,1.5801696835550293e-20,0.0,0.0,0.3048704642634204,0.17916664539392593
train-ticket-0.2.0,ts-admin-route-service,1.9849661469180109e-25,2.748530816371702e-22,9.057829177181287e-21,0.0,2.1773859417986965e-25,3.7549699534921232e-22,1.4373579067523643e-20,0.0,0.0,0.2619569085635271,0.1539471547645157
train-ticket-0.2.0,ts-admin-travel-service,0.07949048366081202,0.00252095069317587,0.034490917489028404,0.03488577172213506,0.08719617808019987,0.003444056021029662,0.05473253248017856,0.12991948611430193,0.0,0.2542460958940627,0.14941565499268072
train-ticket-0.2.0,ts-admin-user-service,4.855197820362255e-28,4.1855432825631434e-19,7.325844394896327e-18,0.0,5.325853791069772e-28,5.718178297819724e-19,1.1625147878885615e-17,0.0,0.0,0.18847189344890933,0.11076139166798958
train-ticket-0.2.0,ts-assurance-service,4.834626239671917e-28,6.51401184724009e-21,0.0,0.0,5.303288030608181e-28,8.899270336494703e-21,0.0,0.0,-0.1248529496944551,0.1904601263725874,0.11192983881178822
train-ticket-0.2.0,ts-auth-service,9.081221460637888e-34,3.3821154997773003e-20,3.3589655898341125e-20,0.0,9.961542151968147e-34,4.62055655525395e-20,5.330234932250755e-20,0.0,5.551115123125783e-17,0.24377110135547872,0.14325969745664277
train-ticket-0.2.0,ts-basic-service,1.0435614011835429e-17,0.012932771472551079,5.947774525903769e-21,0.0,1.144722759060057e-17,0.01766840961198159,9.438332932934018e-21,0.0,-0.06193911398868046,0.10863404268595303,0.06384218638774213
train-ticket-0.2.0,ts-cancel-service,1.0207985569632799e-20,0.012822986832236859,3.5054662709046575e-19,0.0,1.1197533170987873e-20,0.01751842474614733,5.562712171733077e-19,0.0,-1.6653345369377348e-16,0.46489054609456,0.2732074417912264
train-ticket-0.2.0,ts-config-service,6.37199112780643e-20,1.6855131459931288e-17,0.0,0.0,6.989682884261713e-20,2.302703386740657e-17,0.0,0.0,-0.10602632918333417,0.2848905603318871,0.16742483114060192
train-ticket-0.2.0,ts-consign-price-service,8.728386932719963e-20,5.058832146672596e-21,0.0,0.0,9.574504346783148e-20,6.911242398072037e-21,0.0,0.0,-0.034497462469221314,0.33285032899430156,0.19560988634388005
train-ticket-0.2.0,ts-consign-service,3.3551854338544927e-19,4.9383628312547984e-20,3.95278619655703e-19,0.0,3.680432337420759e-19,6.746660412300909e-20,6.27254983747762e-19,0.0,-0.13375066203969993,0.30192468817363294,0.17743546811716346
train-ticket-0.2.0,ts-contacts-service,1.4842258283717284e-19,3.0683026351492916e-20,0.0,0.0,1.6281045690219588e-19,4.1918337369837155e-20,0.0,0.0,-0.1248529496944553,0.23232607657904852,0.1365336713701289
train-ticket-0.2.0,ts-execute-service,1.357918984107345e-19,0.011985689974008779,2.680699548092659e-18,0.0,1.4895537189325317e-19,0.016374531970387886,4.253916270341423e-18,0.0,2.6020852139652106e-18,0.19721009773399295,0.11589667019458547
train-ticket-0.2.0,ts-food-delivery-service,1.5360241096661994e-20,0.0,0.0,0.0,1.6849241020276137e-20,0.0,0.0,0.0,0.0,0.0,0.0
train-ticket-0.2.0,ts-food-map-service,1.1140342722464962e-19,1.4811390124830917e-21,0.0,0.0,1.222027170003749e-19,2.023492862328842e-21,0.0,0.0,-0.034497462469221425,0.2841257808165677,0.16697538458448236
train-ticket-0.2.0,ts-food-service,0.039745241830406015,0.016940064789257102,0.019671671265691637,0.017442885861067518,0.04359808904009995,0.023143067530834616,0.03121634519671319,0.06495974305715091,-0.13375066203969996,0.13879958687513808,0.08156991010120973
train-ticket-0.2.0,ts-inside-payment-service,1.1795891153391395e-20,0.01519130088845606,4.2929016179033843e-23,0.0,1.2939368063410567e-20,0.020753952639291206,6.812268108288204e-23,0.0,-0.024128709133101407,0.18075233327630794,0.10622475115286738
train-ticket-0.2.0,ts-login-service,3.9794779181282598e-22,0.0,0.0,0.0,4.3652428471308935e-22,0.0,0.0,0.0,1.6940658945086007e-21,0.21291967097825368,0.12512889131362576
train-ticket-0.2.0,ts-notification-service,8.819715294355223e-22,4.744192414343423e-20,0.0,0.0,9.674685949890527e-22,6.481389935064007e-20,0.0,0.0,-0.11813746271902945,0.1370856726034653,0.0805626748766028
train-ticket-0.2.0,ts-order-other-service,1.9147242744050185e-22,0.06753901896907355,6.073697853493693e-25,0.0,2.100334922075828e-22,0.0922700176423668,9.638156629114906e-25,0.0,-0.2962412987806715,0.1501327110444257,0.08823017430276137
train-ticket-0.2.0,ts-order-service,4.8738796464251685e-23,0.14992056058343503,4.396881181350402e-25,0.0,5.34634660677833e-23,0.20481749633232527,6.977269947843473e-25,0.0,-0.3225709374405179,0.11352286037258182,0.06671525271436059
train-ticket-0.2.0,ts-payment-service,2.609719464835264e-23,6.781074126816197e-23,0.0,0.0,2.86270195771023e-23,9.264123744557705e-23,0.0,0.0,0.0,0.1368952129155702,0.080450745295476
train-ticket-0.2.0,ts-preserve-other-service,0.12284471714219941,0.02009807927551277,0.11456735280198939,0.010662130638631495,0.13475310928852363,0.027457463221051692,0.18180326343587794,0.039707263594104036,-0.23863916285122205,0.16085859565939334,0.09453357522416263
train-ticket-0.2.0,ts-preserve-service,0.12284471714219936,0.025887005271031795,0.11456735280198826,0.010662130638631516,0.13475310928852355,0.035366140484804715,0.18180326343587613,0.03970726359410411,-0.2454302000516707,0.06471949750524877,0.038034433042280325
train-ticket-0.2.0,ts-price-service,1.9359988014575558e-23,2.9614269140826333e-24,0.0,0.0,2.1236717715201042e-23,4.0458229595266605e-24,0.0,0.0,-0.0033315297257960844,0.09624032168953402,0.056558629352325196
train-ticket-0.2.0,ts-rebook-service,0.09373417371451977,0.024879094037370205,0.05949610573102334,0.03418481922409177,0.10282063118759195,0.03398915887133947,0.09441246497438718,0.1273090411150721,-0.09353179851080347,0.15989364686280455,0.09396649294126776
train-ticket-0.2.0,ts-register-service,4.0013462521136705e-21,0.0,0.0,0.0,4.389231066307489e-21,0.0,0.0,0.0,-0.000334737218124023,0.25318297963448483,0.14879088153568973
train-ticket-0.2.0,ts-route-plan-service,0.07949048366081202,0.01578149698026878,0.0444467998497149,0.03488577172213506,0.08719617808019987,0.021560262897202295,0.07053120338675699,0.12991948611430193,-0.04997084827227382,0.1285976786573902,0.07557444026648254
train-ticket-0.2.0,ts-route-service,8.529452065712509e-26,4.9867618799290286e-21,0.0,0.0,9.356285016731513e-26,6.812781909817624e-21,0.0,0.0,-0.17415249636788524,0.5390492144867309,0.3167890982655825
train-ticket-0.2.0,ts-seat-service,0.0738594631259279,0.0385620810158653,0.04922531731076655,0.034885771722135056,0.08101929442418712,0.05268249302361871,0.07811407972593545,0.1299194861143019,-0.4110763721987461,0.2798223981886398,0.1644463674454979
train-ticket-0.2.0,ts-security-service,3.170482702245376e-22,0.01519130088845606,1.1096913736315077e-17,0.0,3.4778247857292896e-22,0.020753952639291206,1.7609337057960464e-17,0.0,-0.15960632694438137,0.37788584591343954,0.22207641372454334
train-ticket-0.2.0,ts-sso-service,1.4074894419266858e-27,0.0,0.0,0.0,1.543929466424217e-27,0.0,0.0,0.0,0.0,0.3112614452873011,0.18292250489835982
train-ticket-0.2.0,ts-station-food-service,1.758995916078988e-27,0.0,0.0,0.0,1.929510478200567e-27,0.0,0.0,0.0,0.0,0.0,0.0
train-ticket-0.2.0,ts-station-service,1.5336493637195901e-28,0.2135207290842749,0.0,0.0,1.6823191515867618e-28,0.29170636086139345,0.0,0.0,-0.04997084827227382,0.2386644340850302,0.14025860502153345
train-ticket-0.2.0,ts-ticketinfo-service,2.823305947810799e-17,0.0013467383546248472,9.51909330196808e-21,0.0,3.0969932105415394e-17,0.0018398782457557988,1.510554433634739e-20,0.0,-0.2401451268924383,0.3365575706711582,0.19778856264337571
train-ticket-0.2.0,ts-train-food-service,3.111686627461057e-29,0.0,0.0,0.0,3.4133291030864914e-29,0.0,0.0,0.0,0.0,0.0,0.0
train-ticket-0.2.0,ts-train-service,1.6336646507421452e-30,2.5464112270974535e-20,0.0,0.0,1.7920297782722597e-30,3.478839527660167e-20,0.0,0.0,-0.17415249636788524,0.5059321220636074,0.29732680509465437
train-ticket-0.2.0,ts-travel-plan-service,0.1917600773985567,0.017359019150785394,0.12407271079742774,0.08422170322543024,0.21034902654342025,0.02371543187547017,0.19688701165413125,0.3136533853936906,-0.19374277296670792,0.2579243176275043,0.15157727681651978
train-ticket-0.2.0,ts-travel-service,0.05392935688584206,0.03419338708341383,0.034816959341411685,0.024667965751647612,0.0591571920336269,0.04671409916219796,0.05524991785507159,0.09186694963969441,-0.34100022946631703,0.32946822258159836,0.19362228593203515
train-ticket-0.2.0,ts-travel2-service,0.05392935688584206,0.011544895735466422,0.034816959341411685,0.024667965751647623,0.0591571920336269,0.01577233056462597,0.05524991785507159,0.09186694963969445,-0.33420919226586837,0.3961835661437103,0.23282964021348773
train-ticket-0.2.0,ts-user-service,5.41908370853349e-32,9.52893041698587e-18,1.1199805643695401e-20,0.0,5.944401975173102e-32,1.3018172178230448e-17,1.7772612930932892e-20,0.0,1.7042159046699487e-17,0.33604628457509367,0.19748808940832568
train-ticket-0.2.0,ts-verification-code-service,4.66726682804232e-34,3.062422335356438e-20,0.0,0.0,5.119705035666032e-34,4.1838002272598407e-20,0.0,0.0,0.0,0.17308276926156507,0.10171749244062904
train-ticket-1.0.0,ts-admin-basic-info-service,5.857728475953528e-20,0.0038918875710853952,7.991061801613168e-26,0.0,1.3939037630797528e-19,0.013759317462990766,1.4667630909640112e-24,0.0,0.0,0.13438704630865253,0.07474219615968351
train-ticket-1.0.0,ts-admin-order-service,1.113183006438126e-22,0.00550875171507661,6.222007123422843e-22,0.0,2.648927802031578e-22,0.01947555325998157,1.1420522862818382e-20,0.0,0.0,0.2066824226124408,0.11495079769948811
train-ticket-1.0.0,ts-admin-route-service,6.932588397175804e-26,0.003891887571085404,5.680258216675474e-22,0.0,1.649677190463044e-25,0.013759317462990795,1.0426140237937752e-20,0.0,0.0,0.1163426347104992,0.06470641526933137
train-ticket-1.0.0,ts-admin-travel-service,0.03909318961872956,0.004790022000731891,0.00455941361781215,0.24609562433226026,0.09302606692002255,0.016934567651038176,0.08368824790837585,0.10006692203233847,0.0,0.5466078291460437,0.3040074970813756
train-ticket-1.0.0,ts-admin-user-service,1.497005374376694e-28,0.0,0.0,0.0,3.5622706536506295e-28,0.0,0.0,0.0,0.0,0.10667963699617838,0.05933213485695029
train-ticket-1.0.0,ts-assurance-service,1.4906625294520853e-28,7.180638044483341e-22,0.0,0.0,3.5471772339994154e-28,2.5386313616793742e-21,0.0,0.0,0.12346295371487424,0.12529591266320306,0.06968597003591362
train-ticket-1.0.0,ts-auth-service,2.800017184771393e-34,0.0,0.0,0.0,6.662914654652874e-34,0.0,0.0,0.0,-5.551115123125783e-17,0.16707836701372103,0.0929241651215241
train-ticket-1.0.0,ts-basic-service,4.166940872891939e-18,0.0038918875710853827,3.7280482533318754e-22,0.0,9.915643217500654e-18,0.01375931746299072,6.842849817800404e-21,0.0,0.07030395935872912,0.2769846337740598,0.15405085831867077
train-ticket-1.0.0,ts-cancel-service,4.369675993400806e-21,0.005904675185064624,1.4550637323239629e-19,0.0,1.0398071258584849e-20,0.020875294803156395,2.670776212921148e-18,0.0,-5.551115123125783e-17,0.15029458350383537,0.08358950918663309
train-ticket-1.0.0,ts-config-service,1.964678951659083e-20,1.4313090106687127e-16,0.0,0.0,4.675145656210006e-20,5.060227127768161e-16,0.0,0.0,0.10852981370055326,0.7910221648219677,0.4399436957189407
train-ticket-1.0.0,ts-consign-price-service,2.6912275526903584e-20,5.7165848109842306e-21,0.0,0.0,6.404039088528017e-20,2.021032308405222e-20,0.0,0.0,0.03449005723160699,0.18463279191410295,0.10268742955373227
train-ticket-1.0.0,ts-consign-service,1.1174846089197176e-19,4.9389077744938e-21,2.4787979478319165e-20,0.0,2.6591638857131246e-19,1.7460936049275798e-20,4.549845102065439e-19,0.0,0.13244455402736233,0.21331512290269822,0.11863971415222581
train-ticket-1.0.0,ts-contacts-service,4.576320314988516e-20,5.073215908616518e-21,0.0,0.0,1.088980162584685e-19,1.793576689202315e-20,0.0,0.0,0.12346295371487409,0.19599233059474813,0.1090052770819998
train-ticket-1.0.0,ts-execute-service,4.1855209073235384e-20,0.00550875171507661,1.6812444502029152e-19,0.0,9.959856226039159e-20,0.01947555325998157,3.0859319670733927e-18,0.0,0.0,0.20475635367630396,0.1138795737519718
train-ticket-1.0.0,ts-food-delivery-service,4.736030026435708e-21,0.0,0.0,0.0,1.126984649938528e-20,0.0,0.0,0.0,4.336808689942018e-19,0.11997552555597008,0.06672692429648319
train-ticket-1.0.0,ts-food-map-service,3.4349069893683524e-20,0.0,0.0,0.0,8.173697019184738e-20,0.0,0.0,0.0,0.0330544678983992,0.6094685137181408,0.33896879540642977
train-ticket-1.0.0,ts-food-service,0.019546594809364777,0.002557914996030289,0.0013431701475120203,0.10206041546799066,0.04651303346001127,0.009043212022671573,0.02465395020293308,0.041499606768443886,0.13175556616280812,0.22701249308134483,0.12625779607965254
train-ticket-1.0.0,ts-inside-payment-service,3.648120883730566e-21,0.007183345431532806,6.1109270367227294e-24,0.0,8.68106032718443e-21,0.025395885269938488,1.1216634849738671e-22,0.0,0.024310470884854853,0.18739652270081578,0.10422453684395884
train-ticket-1.0.0,ts-login-service,1.2269942546248087e-22,0.0,0.0,0.0,2.919752794653649e-22,0.0,0.0,0.0,0.0,0.09425481551855136,0.052421807785716375
train-ticket-1.0.0,ts-notification-service,2.7193868683886037e-22,2.6148500596008258e-21,0.0,0.0,6.47104693342671e-22,9.244499341519815e-21,0.0,0.0,0.10350990176079412,0.15120615574904617,0.0840964993574624
train-ticket-1.0.0,ts-order-other-service,5.903676693300653e-23,0.029949659821195927,3.458972661888226e-25,0.0,1.4048375906427553e-22,0.1058835513260956,6.348960324755583e-24,0.0,0.2963533274139554,0.1648354449181268,0.09167671659248385
train-ticket-1.0.0,ts-order-service,1.5027670083936394e-23,0.0699970962201717,2.760965843835374e-26,0.0,3.5759810251208625e-23,0.2474666214759781,5.067765580704827e-25,0.0,0.3232942389881369,0.24266030067778027,0.13496065500070958
train-ticket-1.0.0,ts-payment-service,8.04656001469033e-24,3.737515373757138e-24,0.0,0.0,1.9147576283822455e-23,1.3213552450075304e-23,0.0,0.0,0.0,0.15314423054366738,0.0851744006169262
train-ticket-1.0.0,ts-preserve-other-service,0.058217151992660594,0.007508125493589442,0.011333776469349955,0.20483789736168587,0.13853340517826918,0.02654410753943247,0.20803199148232104,0.08329078568615975,0.23354590622555293,0.03947844142021577,0.021956769597653997
train-ticket-1.0.0,ts-preserve-service,0.058217151992660594,0.010198377185440541,0.011333776469350295,0.2048378973616858,0.13853340517826918,0.03605518061321194,0.2080319914823273,0.08329078568615972,0.240561623775353,0.11360482154121875,0.06318372260982502
train-ticket-1.0.0,ts-price-service,5.9692739982993204e-24,3.2644912626627022e-25,0.0,0.0,1.4204471107256484e-23,1.1541230525734046e-24,0.0,0.0,0.0022546282459868444,0.2242578644966403,0.12472575117145367
train-ticket-1.0.0,ts-rebook-service,0.043214674207479355,0.005950996726333853,0.005361527935397011,0.2444529910956259,0.10283354246505176,0.021039059243946907,0.09841109331960461,0.09939899771444774,0.09334564967038658,0.1299103943812282,0.07225241157337975
train-ticket-1.0.0,ts-register-service,1.2337369280886035e-21,0.0,0.0,0.0,2.935797645405922e-21,0.0,0.0,0.0,0.00023177815987861415,0.4058761661223133,0.22573660823811886
train-ticket-1.0.0,ts-route-plan-service,0.03909318961872956,0.0017679610453353054,0.003954380309192781,0.3142911381929751,0.09302606692002255,0.006250421380539854,0.07258283353518731,0.12779644866236903,0.050796182441412215,0.40437508798250454,0.2249017519044294
train-ticket-1.0.0,ts-route-service,2.629889873757464e-26,1.3738353364521623e-21,0.0,0.0,6.258080084395068e-26,4.857035613402426e-21,0.0,0.0,0.1763412948019174,0.020491551705874356,0.011396809583113423
train-ticket-1.0.0,ts-seat-service,0.022773122195841135,0.01826127746059371,0.0018521561396880105,0.08409036447512386,0.054190870840408405,0.06456063009805621,0.03399641163891809,0.03419265973718526,0.41676308849582233,0.26240462241573814,0.1459418768439888
train-ticket-1.0.0,ts-security-service,1.1132498385558273e-22,0.007183345431532806,7.746643951622006e-20,0.0,2.6490868355899633e-22,0.025395885269938488,1.4219000815116948e-18,0.0,0.16136322241093654,0.1380273148327522,0.07676680843873665
train-ticket-1.0.0,ts-sso-service,4.339718662144008e-28,0.0,0.0,0.0,1.0326784859868868e-27,0.0,0.0,0.0,0.0,0.035642366096445804,0.01982325522846382
train-ticket-1.0.0,ts-station-food-service,5.42352018867983e-28,0.0,0.0,0.0,1.2905796557784666e-27,0.0,0.0,0.0,0.0,0.13823154859249615,0.07688039736082779
train-ticket-1.0.0,ts-station-service,4.728708128572854e-29,0.07061155734122497,0.0,0.0,1.1252423327543476e-28,0.24963897755739473,0.0,0.0,0.04893645026907464,0.5495776510053164,0.3056592262774714
train-ticket-1.0.0,ts-ticketinfo-service,4.332684294175258e-18,0.0,0.0,0.0,1.0310045893522477e-17,0.0,0.0,0.0,0.23648075538670316,0.03294953521219524,0.01832558041750586
train-ticket-1.0.0,ts-train-food-service,9.594277673196279e-30,0.0,0.0,0.0,2.2830521775803876e-29,0.0,0.0,0.0,0.0,0.27384840370283214,0.15230657767835354
train-ticket-1.0.0,ts-train-service,5.037085722508705e-31,5.6140065596008006e-21,0.0,0.0,1.1986237963030983e-30,1.9847669564441562e-20,0.0,0.0,0.178201026974255,0.1239418804531192,0.06893289640394928
train-ticket-1.0.0,ts-travel-plan-service,0.09278459337379182,0.002002083235404098,0.010496591715065577,0.7699736470462709,0.22079001167513174,0.007078133250281453,0.19266542658284533,0.3130851802627288,0.19506136752883996,0.2909787092329623,0.16183395915876536
train-ticket-1.0.0,ts-travel-service,0.02364971061152938,0.01252880647556558,0.002123068847414865,0.14433522373626534,0.05627679868140664,0.044294143286776555,0.03896902692374362,0.05868930672508369,0.34196170616675425,0.08637305602478214,0.048038200657290205
train-ticket-1.0.0,ts-travel2-service,0.02364971061152938,0.003766286746108608,0.0021230688474148667,0.14433522373626534,0.05627679868140664,0.013315270302608075,0.038969026923743655,0.05868930672508369,0.33520284562888497,0.5275958559784482,0.2934335863741531
train-ticket-1.0.0,ts-user-service,1.6708685693194693e-32,1.2250561635845136e-18,0.0,0.0,3.975995124982246e-32,4.331044090272108e-18,0.0,0.0,-1.7595728649201893e-17,0.10618268844603809,0.0590557464174682
train-ticket-1.0.0,ts-verification-code-service,1.4390605251812308e-34,0.0,0.0,0.0,3.424385219601901e-34,0.0,0.0,0.0,0.0,0.11047296277398513,0.06144187316261437
